Workbook

Sheet Dashboard
A1: Elektronický zápisník letů
A3: Metrika | B3: Hodnota | D3: Funkce | E3: Hodin
A4: Celkový nálet | B4: =SUM('Zápisník letů'!$L$2:$L$1018) -> 11.260417 | D4: PIC | E4: =B5*24 -> 212.5
A5: PIC celkem | B5: =SUMIFS('Zápisník letů'!$L$2:$L$1018,'Zápisník letů'!$Q$2:$Q$1018,"PIC") -> 8.8541667 | D5: DUAL | E5: =B8*24 -> 32.1
A6: PIC ULL | B6: =SUMIFS('Zápisník letů'!$L$2:$L$1018,'Zápisník letů'!$Q$2:$Q$1018,"PIC",'Zápisník letů'!$B$2:$B$1018,"ULL") -> 8.5083333 | D6: Safety Pilot | E6: =B9*24 -> 25.65
A7: PIC EASA | B7: =SUMIFS('Zápisník letů'!$L$2:$L$1018,'Zápisník letů'!$Q$2:$Q$1018,"PIC",'Zápisník letů'!$B$2:$B$1018,"EASA") -> 0.34583333 | D7: Ostatní | E7: =SUMIFS('Zápisník letů'!$L$2:$L$1018,'Zápisník letů'!$Q$2:$Q$1018,"CO-PILOT")*24+SUMIFS('Zápisník letů'!$L$2:$L$1018,'Zápisník letů'!$Q$2:$Q$1018,"PAX")*24+SUMIFS('Zápisník letů'!$L$2:$L$1018,'Zápisník letů'!$Q$2:$Q$1018,"OBSERVER")*24 -> 0
A8: DUAL | B8: =SUMIFS('Zápisník letů'!$L$2:$L$1018,'Zápisník letů'!$Q$2:$Q$1018,"DUAL") -> 1.3375
A9: Safety Pilot | B9: =SUMIFS('Zápisník letů'!$L$2:$L$1018,'Zápisník letů'!$Q$2:$Q$1018,"SAFETY PILOT") -> 1.06875
A10: ULL celkem | B10: =SUMIFS('Zápisník letů'!$L$2:$L$1018,'Zápisník letů'!$B$2:$B$1018,"ULL") -> 9.3270833 | D10: Evidence | E10: Hodin
A11: EASA celkem | B11: =SUMIFS('Zápisník letů'!$L$2:$L$1018,'Zápisník letů'!$B$2:$B$1018,"EASA") -> 1.9333333 | D11: ULL | E11: =B10*24 -> 223.85
A12: Air Time | B12: =SUM('Zápisník letů'!$M$2:$M$1018) -> 9.8631944 | D12: EASA | E12: =B11*24 -> 46.4
A13: Počet letů | B13: =COUNTA('Zápisník letů'!$A$2:$A$1018) -> 195
A14: Počet startů | B14: =SUM('Zápisník letů'!$N$2:$N$1018) -> 570
A15: Náklady celkem | B15: =SUM('Zápisník letů'!$T$2:$T$1018) -> 678894.5 | D15: PIC evidence | E15: Hodin
A16: Kontrola | B16: =COUNTIFS('Zápisník letů'!$A$2:$A$1018,"<>",'Zápisník letů'!$V$2:$V$1018,"<>OK") -> 0 | D16: PIC ULL | E16: =B6*24 -> 204.2
D17: PIC EASA | E17: =B7*24 -> 8.3
D20: Rok | E20: Hodin
D21: 2020 | E21: =Souhrny!C4*24 -> 23.9
D22: 2021 | E22: =Souhrny!C5*24 -> 43.383333
D23: 2022 | E23: =Souhrny!C6*24 -> 47.633333
D24: 2023 | E24: =Souhrny!C7*24 -> 39.033333
D25: 2024 | E25: =Souhrny!C8*24 -> 48.183333
D26: 2025 | E26: =Souhrny!C9*24 -> 46.733333
D27: 2026 | E27: =Souhrny!C10*24 -> 21.383333
D28: 2027 | E28: =Souhrny!C11*24 -> 0
D29: 2028 | E29: =Souhrny!C12*24 -> 0
D30: 2029 | E30: =Souhrny!C13*24 -> 0
D31: 2030 | E31: =Souhrny!C14*24 -> 0

Sheet Zápisník letů
A1: Datum | B1: Evidence | C1: Imatrikulace | D1: Typ | E1: Třída | F1: Odlet | G1: Přílet | H1: Off Block | I1: Takeoff | J1: Landing | K1: On Block | L1: Block Time | M1: Air Time | N1: Starty | O1: Velitel letadla | P1: Instruktor | Q1: Funkce | R1: Úloha | S1: Cena Kč/h | T1: Cena letu Kč | U1: Poznámka | V1: Kontrola
A2: 43930 | B2: ULL | C2: OK-XAI04 | D2: Bristell | E2: ULL | F2: LKSZ | G2: LKSZ | H2: 0.36388889 | I2: 0.36736111 | J2: 0.42986111 | K2: 0.43333333 | L2: =IF($A2="","",IF(AND(ISNUMBER($H2),ISNUMBER($K2)),MOD($K2-$H2,1),"")) -> 0.069444444 | M2: =IF($A2="","",IF(AND(ISNUMBER($I2),ISNUMBER($J2)),MOD($J2-$I2,1),"")) -> 0.0625 | N2: 2 | O2: Točík Filip | Q2: PIC | S2: 1860 | T2: =IF($A2="","",IF(OR($S2="", $S2<=0, $L2=""),"",ROUND($L2*24*$S2,2))) -> 3100 | V2: =IF($A2="","",IF(OR(YEAR($A2)<2020,YEAR($A2)>2030),"Podezřelé datum",IF(OR($F2="",$G2=""),"Chybí letiště",IF(OR($H2="",$I2="",$J2="",$K2=""),"Chybí čas",IF(OR($H2>$I2,$I2>$J2,$J2>$K2),"Časy mimo pořadí",IF($M2>$L2,"Air > Block",IF(OR($S2="", $S2<=0),"Chybí sazba","OK"))))))) -> OK
A3: 43944 | B3: ULL | C3: OK-XAI04 | D3: Bristell | E3: ULL | F3: LKSZ | G3: LKKEJZ | H3: 0.45138889 | I3: 0.45486111 | J3: 0.49236111 | K3: 0.49583333 | L3: =IF($A3="","",IF(AND(ISNUMBER($H3),ISNUMBER($K3)),MOD($K3-$H3,1),"")) -> 0.044444444 | M3: =IF($A3="","",IF(AND(ISNUMBER($I3),ISNUMBER($J3)),MOD($J3-$I3,1),"")) -> 0.0375 | N3: 1 | O3: Točík Filip | Q3: PIC | R3: LKSZ-LKKEJZ | S3: 1860 | T3: =IF($A3="","",IF(OR($S3="", $S3<=0, $L3=""),"",ROUND($L3*24*$S3,2))) -> 1984 | V3: =IF($A3="","",IF(OR(YEAR($A3)<2020,YEAR($A3)>2030),"Podezřelé datum",IF(OR($F3="",$G3=""),"Chybí letiště",IF(OR($H3="",$I3="",$J3="",$K3=""),"Chybí čas",IF(OR($H3>$I3,$I3>$J3,$J3>$K3),"Časy mimo pořadí",IF($M3>$L3,"Air > Block",IF(OR($S3="", $S3<=0),"Chybí sazba","OK"))))))) -> OK
A4: 43944 | B4: ULL | C4: OK-XAI04 | D4: Bristell | E4: ULL | F4: LKKEJZ | G4: LKSZ | H4: 0.54861111 | I4: 0.55208333 | J4: 0.58541667 | K4: 0.58888889 | L4: =IF($A4="","",IF(AND(ISNUMBER($H4),ISNUMBER($K4)),MOD($K4-$H4,1),"")) -> 0.040277778 | M4: =IF($A4="","",IF(AND(ISNUMBER($I4),ISNUMBER($J4)),MOD($J4-$I4,1),"")) -> 0.033333333 | N4: 1 | O4: Točík Filip | Q4: PIC | R4: LKKEJZ-LKSZ | S4: 1860 | T4: =IF($A4="","",IF(OR($S4="", $S4<=0, $L4=""),"",ROUND($L4*24*$S4,2))) -> 1798 | V4: =IF($A4="","",IF(OR(YEAR($A4)<2020,YEAR($A4)>2030),"Podezřelé datum",IF(OR($F4="",$G4=""),"Chybí letiště",IF(OR($H4="",$I4="",$J4="",$K4=""),"Chybí čas",IF(OR($H4>$I4,$I4>$J4,$J4>$K4),"Časy mimo pořadí",IF($M4>$L4,"Air > Block",IF(OR($S4="", $S4<=0),"Chybí sazba","OK"))))))) -> OK
A5: 43973 | B5: ULL | C5: OK-XAI04 | D5: Bristell | E5: ULL | F5: LKSZ | G5: LKSZ | H5: 0.39097222 | I5: 0.39444444 | J5: 0.46944444 | K5: 0.47291667 | L5: =IF($A5="","",IF(AND(ISNUMBER($H5),ISNUMBER($K5)),MOD($K5-$H5,1),"")) -> 0.081944444 | M5: =IF($A5="","",IF(AND(ISNUMBER($I5),ISNUMBER($J5)),MOD($J5-$I5,1),"")) -> 0.075 | N5: 2 | O5: Točík Filip | Q5: PIC | S5: 1860 | T5: =IF($A5="","",IF(OR($S5="", $S5<=0, $L5=""),"",ROUND($L5*24*$S5,2))) -> 3658 | V5: =IF($A5="","",IF(OR(YEAR($A5)<2020,YEAR($A5)>2030),"Podezřelé datum",IF(OR($F5="",$G5=""),"Chybí letiště",IF(OR($H5="",$I5="",$J5="",$K5=""),"Chybí čas",IF(OR($H5>$I5,$I5>$J5,$J5>$K5),"Časy mimo pořadí",IF($M5>$L5,"Air > Block",IF(OR($S5="", $S5<=0),"Chybí sazba","OK"))))))) -> OK
A6: 44078 | B6: ULL | C6: OK-XAI04 | D6: Bristell | E6: ULL | F6: LKSZ | G6: LKSZ | H6: 0.58680556 | I6: 0.59027778 | J6: 0.60694444 | K6: 0.61041667 | L6: =IF($A6="","",IF(AND(ISNUMBER($H6),ISNUMBER($K6)),MOD($K6-$H6,1),"")) -> 0.023611111 | M6: =IF($A6="","",IF(AND(ISNUMBER($I6),ISNUMBER($J6)),MOD($J6-$I6,1),"")) -> 0.016666667 | N6: 1 | O6: Točík Filip | P6: Šindelář Petr | Q6: DUAL | S6: 1860 | T6: =IF($A6="","",IF(OR($S6="", $S6<=0, $L6=""),"",ROUND($L6*24*$S6,2))) -> 1054 | V6: =IF($A6="","",IF(OR(YEAR($A6)<2020,YEAR($A6)>2030),"Podezřelé datum",IF(OR($F6="",$G6=""),"Chybí letiště",IF(OR($H6="",$I6="",$J6="",$K6=""),"Chybí čas",IF(OR($H6>$I6,$I6>$J6,$J6>$K6),"Časy mimo pořadí",IF($M6>$L6,"Air > Block",IF(OR($S6="", $S6<=0),"Chybí sazba","OK"))))))) -> OK
A7: 44080 | B7: ULL | C7: OK-XAI04 | D7: Bristell | E7: ULL | F7: LKSZ | G7: LKSZ | H7: 0.47569444 | I7: 0.47916667 | J7: 0.5125 | K7: 0.51597222 | L7: =IF($A7="","",IF(AND(ISNUMBER($H7),ISNUMBER($K7)),MOD($K7-$H7,1),"")) -> 0.040277778 | M7: =IF($A7="","",IF(AND(ISNUMBER($I7),ISNUMBER($J7)),MOD($J7-$I7,1),"")) -> 0.033333333 | N7: 9 | O7: Točík Filip | P7: Šindelář Petr | Q7: DUAL | S7: 1860 | T7: =IF($A7="","",IF(OR($S7="", $S7<=0, $L7=""),"",ROUND($L7*24*$S7,2))) -> 1798 | V7: =IF($A7="","",IF(OR(YEAR($A7)<2020,YEAR($A7)>2030),"Podezřelé datum",IF(OR($F7="",$G7=""),"Chybí letiště",IF(OR($H7="",$I7="",$J7="",$K7=""),"Chybí čas",IF(OR($H7>$I7,$I7>$J7,$J7>$K7),"Časy mimo pořadí",IF($M7>$L7,"Air > Block",IF(OR($S7="", $S7<=0),"Chybí sazba","OK"))))))) -> OK
A8: 44081 | B8: ULL | C8: OK-XAI04 | D8: Bristell | E8: ULL | F8: LKSZ | G8: LKSZ | H8: 0.61319444 | I8: 0.61666667 | J8: 0.64166667 | K8: 0.64513889 | L8: =IF($A8="","",IF(AND(ISNUMBER($H8),ISNUMBER($K8)),MOD($K8-$H8,1),"")) -> 0.031944444 | M8: =IF($A8="","",IF(AND(ISNUMBER($I8),ISNUMBER($J8)),MOD($J8-$I8,1),"")) -> 0.025 | N8: 6 | O8: Točík Filip | P8: Šimon Jan | Q8: DUAL | S8: 1860 | T8: =IF($A8="","",IF(OR($S8="", $S8<=0, $L8=""),"",ROUND($L8*24*$S8,2))) -> 1426 | V8: =IF($A8="","",IF(OR(YEAR($A8)<2020,YEAR($A8)>2030),"Podezřelé datum",IF(OR($F8="",$G8=""),"Chybí letiště",IF(OR($H8="",$I8="",$J8="",$K8=""),"Chybí čas",IF(OR($H8>$I8,$I8>$J8,$J8>$K8),"Časy mimo pořadí",IF($M8>$L8,"Air > Block",IF(OR($S8="", $S8<=0),"Chybí sazba","OK"))))))) -> OK
A9: 44082 | B9: ULL | C9: OK-XAI04 | D9: Bristell | E9: ULL | F9: LKSZ | G9: LKSZ | H9: 0.68541667 | I9: 0.68888889 | J9: 0.72222222 | K9: 0.72569444 | L9: =IF($A9="","",IF(AND(ISNUMBER($H9),ISNUMBER($K9)),MOD($K9-$H9,1),"")) -> 0.040277778 | M9: =IF($A9="","",IF(AND(ISNUMBER($I9),ISNUMBER($J9)),MOD($J9-$I9,1),"")) -> 0.033333333 | N9: 5 | O9: Točík Filip | P9: Šimon Jan | Q9: DUAL | S9: 1860 | T9: =IF($A9="","",IF(OR($S9="", $S9<=0, $L9=""),"",ROUND($L9*24*$S9,2))) -> 1798 | V9: =IF($A9="","",IF(OR(YEAR($A9)<2020,YEAR($A9)>2030),"Podezřelé datum",IF(OR($F9="",$G9=""),"Chybí letiště",IF(OR($H9="",$I9="",$J9="",$K9=""),"Chybí čas",IF(OR($H9>$I9,$I9>$J9,$J9>$K9),"Časy mimo pořadí",IF($M9>$L9,"Air > Block",IF(OR($S9="", $S9<=0),"Chybí sazba","OK"))))))) -> OK
A10: 44086 | B10: ULL | C10: OK-XAI04 | D10: Bristell | E10: ULL | F10: LKSZ | G10: LKSZ | H10: 0.34027778 | I10: 0.34375 | J10: 0.36875 | K10: 0.37222222 | L10: =IF($A10="","",IF(AND(ISNUMBER($H10),ISNUMBER($K10)),MOD($K10-$H10,1),"")) -> 0.031944444 | M10: =IF($A10="","",IF(AND(ISNUMBER($I10),ISNUMBER($J10)),MOD($J10-$I10,1),"")) -> 0.025 | N10: 8 | O10: Točík Filip | Q10: PIC | S10: 1860 | T10: =IF($A10="","",IF(OR($S10="", $S10<=0, $L10=""),"",ROUND($L10*24*$S10,2))) -> 1426 | V10: =IF($A10="","",IF(OR(YEAR($A10)<2020,YEAR($A10)>2030),"Podezřelé datum",IF(OR($F10="",$G10=""),"Chybí letiště",IF(OR($H10="",$I10="",$J10="",$K10=""),"Chybí čas",IF(OR($H10>$I10,$I10>$J10,$J10>$K10),"Časy mimo pořadí",IF($M10>$L10,"Air > Block",IF(OR($S10="", $S10<=0),"Chybí sazba","OK"))))))) -> OK
A11: 44086 | B11: ULL | C11: OK-XAI04 | D11: Bristell | E11: ULL | F11: LKSZ | G11: LKSZ | H11: 0.39166667 | I11: 0.39513889 | J11: 0.40763889 | K11: 0.41111111 | L11: =IF($A11="","",IF(AND(ISNUMBER($H11),ISNUMBER($K11)),MOD($K11-$H11,1),"")) -> 0.019444444 | M11: =IF($A11="","",IF(AND(ISNUMBER($I11),ISNUMBER($J11)),MOD($J11-$I11,1),"")) -> 0.0125 | N11: 5 | O11: Točík Filip | Q11: PIC | S11: 1860 | T11: =IF($A11="","",IF(OR($S11="", $S11<=0, $L11=""),"",ROUND($L11*24*$S11,2))) -> 868 | V11: =IF($A11="","",IF(OR(YEAR($A11)<2020,YEAR($A11)>2030),"Podezřelé datum",IF(OR($F11="",$G11=""),"Chybí letiště",IF(OR($H11="",$I11="",$J11="",$K11=""),"Chybí čas",IF(OR($H11>$I11,$I11>$J11,$J11>$K11),"Časy mimo pořadí",IF($M11>$L11,"Air > Block",IF(OR($S11="", $S11<=0),"Chybí sazba","OK"))))))) -> OK
A12: 44086 | B12: ULL | C12: OK-XAI04 | D12: Bristell | E12: ULL | F12: LKSZ | G12: LKSZ | H12: 0.41111111 | I12: 0.41458333 | J12: 0.42708333 | K12: 0.43055556 | L12: =IF($A12="","",IF(AND(ISNUMBER($H12),ISNUMBER($K12)),MOD($K12-$H12,1),"")) -> 0.019444444 | M12: =IF($A12="","",IF(AND(ISNUMBER($I12),ISNUMBER($J12)),MOD($J12-$I12,1),"")) -> 0.0125 | N12: 5 | O12: Točík Filip | Q12: PIC | S12: 1860 | T12: =IF($A12="","",IF(OR($S12="", $S12<=0, $L12=""),"",ROUND($L12*24*$S12,2))) -> 868 | V12: =IF($A12="","",IF(OR(YEAR($A12)<2020,YEAR($A12)>2030),"Podezřelé datum",IF(OR($F12="",$G12=""),"Chybí letiště",IF(OR($H12="",$I12="",$J12="",$K12=""),"Chybí čas",IF(OR($H12>$I12,$I12>$J12,$J12>$K12),"Časy mimo pořadí",IF($M12>$L12,"Air > Block",IF(OR($S12="", $S12<=0),"Chybí sazba","OK"))))))) -> OK
A13: 44087 | B13: ULL | C13: OK-XAI04 | D13: Bristell | E13: ULL | F13: LKSZ | G13: LKSZ | H13: 0.49930556 | I13: 0.50277778 | J13: 0.51944444 | K13: 0.52291667 | L13: =IF($A13="","",IF(AND(ISNUMBER($H13),ISNUMBER($K13)),MOD($K13-$H13,1),"")) -> 0.023611111 | M13: =IF($A13="","",IF(AND(ISNUMBER($I13),ISNUMBER($J13)),MOD($J13-$I13,1),"")) -> 0.016666667 | N13: 6 | O13: Točík Filip | Q13: PIC | S13: 1860 | T13: =IF($A13="","",IF(OR($S13="", $S13<=0, $L13=""),"",ROUND($L13*24*$S13,2))) -> 1054 | V13: =IF($A13="","",IF(OR(YEAR($A13)<2020,YEAR($A13)>2030),"Podezřelé datum",IF(OR($F13="",$G13=""),"Chybí letiště",IF(OR($H13="",$I13="",$J13="",$K13=""),"Chybí čas",IF(OR($H13>$I13,$I13>$J13,$J13>$K13),"Časy mimo pořadí",IF($M13>$L13,"Air > Block",IF(OR($S13="", $S13<=0),"Chybí sazba","OK"))))))) -> OK
A14: 44089 | B14: ULL | C14: OK-XAI04 | D14: Bristell | E14: ULL | F14: LKSZ | G14: LKSZ | H14: 0.58472222 | I14: 0.58819444 | J14: 0.60486111 | K14: 0.60833333 | L14: =IF($A14="","",IF(AND(ISNUMBER($H14),ISNUMBER($K14)),MOD($K14-$H14,1),"")) -> 0.023611111 | M14: =IF($A14="","",IF(AND(ISNUMBER($I14),ISNUMBER($J14)),MOD($J14-$I14,1),"")) -> 0.016666667 | N14: 5 | O14: Točík Filip | Q14: PIC | S14: 1860 | T14: =IF($A14="","",IF(OR($S14="", $S14<=0, $L14=""),"",ROUND($L14*24*$S14,2))) -> 1054 | V14: =IF($A14="","",IF(OR(YEAR($A14)<2020,YEAR($A14)>2030),"Podezřelé datum",IF(OR($F14="",$G14=""),"Chybí letiště",IF(OR($H14="",$I14="",$J14="",$K14=""),"Chybí čas",IF(OR($H14>$I14,$I14>$J14,$J14>$K14),"Časy mimo pořadí",IF($M14>$L14,"Air > Block",IF(OR($S14="", $S14<=0),"Chybí sazba","OK"))))))) -> OK
A15: 44089 | B15: ULL | C15: OK-XAI04 | D15: Bristell | E15: ULL | F15: LKSZ | G15: LKSZ | H15: 0.65138889 | I15: 0.65486111 | J15: 0.67152778 | K15: 0.675 | L15: =IF($A15="","",IF(AND(ISNUMBER($H15),ISNUMBER($K15)),MOD($K15-$H15,1),"")) -> 0.023611111 | M15: =IF($A15="","",IF(AND(ISNUMBER($I15),ISNUMBER($J15)),MOD($J15-$I15,1),"")) -> 0.016666667 | N15: 5 | O15: Točík Filip | Q15: PIC | S15: 1860 | T15: =IF($A15="","",IF(OR($S15="", $S15<=0, $L15=""),"",ROUND($L15*24*$S15,2))) -> 1054 | V15: =IF($A15="","",IF(OR(YEAR($A15)<2020,YEAR($A15)>2030),"Podezřelé datum",IF(OR($F15="",$G15=""),"Chybí letiště",IF(OR($H15="",$I15="",$J15="",$K15=""),"Chybí čas",IF(OR($H15>$I15,$I15>$J15,$J15>$K15),"Časy mimo pořadí",IF($M15>$L15,"Air > Block",IF(OR($S15="", $S15<=0),"Chybí sazba","OK"))))))) -> OK
A16: 44093 | B16: ULL | C16: OK-XAI04 | D16: Bristell | E16: ULL | F16: LKSZ | G16: LKSZ | H16: 0.55902778 | I16: 0.5625 | J16: 0.5875 | K16: 0.59097222 | L16: =IF($A16="","",IF(AND(ISNUMBER($H16),ISNUMBER($K16)),MOD($K16-$H16,1),"")) -> 0.031944444 | M16: =IF($A16="","",IF(AND(ISNUMBER($I16),ISNUMBER($J16)),MOD($J16-$I16,1),"")) -> 0.025 | N16: 4 | O16: Točík Filip | Q16: PIC | S16: 1860 | T16: =IF($A16="","",IF(OR($S16="", $S16<=0, $L16=""),"",ROUND($L16*24*$S16,2))) -> 1426 | V16: =IF($A16="","",IF(OR(YEAR($A16)<2020,YEAR($A16)>2030),"Podezřelé datum",IF(OR($F16="",$G16=""),"Chybí letiště",IF(OR($H16="",$I16="",$J16="",$K16=""),"Chybí čas",IF(OR($H16>$I16,$I16>$J16,$J16>$K16),"Časy mimo pořadí",IF($M16>$L16,"Air > Block",IF(OR($S16="", $S16<=0),"Chybí sazba","OK"))))))) -> OK
A17: 44122 | B17: ULL | C17: OK-XAI04 | D17: Bristell | E17: ULL | F17: LKSZ | G17: LKMH | H17: 0.46875 | I17: 0.47222222 | J17: 0.48472222 | K17: 0.48819444 | L17: =IF($A17="","",IF(AND(ISNUMBER($H17),ISNUMBER($K17)),MOD($K17-$H17,1),"")) -> 0.019444444 | M17: =IF($A17="","",IF(AND(ISNUMBER($I17),ISNUMBER($J17)),MOD($J17-$I17,1),"")) -> 0.0125 | N17: 1 | O17: Točík Filip | Q17: PIC | R17: LKSZ-LKMH | S17: 1860 | T17: =IF($A17="","",IF(OR($S17="", $S17<=0, $L17=""),"",ROUND($L17*24*$S17,2))) -> 868 | V17: =IF($A17="","",IF(OR(YEAR($A17)<2020,YEAR($A17)>2030),"Podezřelé datum",IF(OR($F17="",$G17=""),"Chybí letiště",IF(OR($H17="",$I17="",$J17="",$K17=""),"Chybí čas",IF(OR($H17>$I17,$I17>$J17,$J17>$K17),"Časy mimo pořadí",IF($M17>$L17,"Air > Block",IF(OR($S17="", $S17<=0),"Chybí sazba","OK"))))))) -> OK
A18: 44122 | B18: ULL | C18: OK-XAI04 | D18: Bristell | E18: ULL | F18: LKMH | G18: LKSZ | H18: 0.55972222 | I18: 0.56319444 | J18: 0.58402778 | K18: 0.5875 | L18: =IF($A18="","",IF(AND(ISNUMBER($H18),ISNUMBER($K18)),MOD($K18-$H18,1),"")) -> 0.027777778 | M18: =IF($A18="","",IF(AND(ISNUMBER($I18),ISNUMBER($J18)),MOD($J18-$I18,1),"")) -> 0.020833333 | N18: 1 | O18: Točík Filip | Q18: PIC | R18: LKMH-LKSZ | S18: 1860 | T18: =IF($A18="","",IF(OR($S18="", $S18<=0, $L18=""),"",ROUND($L18*24*$S18,2))) -> 1240 | V18: =IF($A18="","",IF(OR(YEAR($A18)<2020,YEAR($A18)>2030),"Podezřelé datum",IF(OR($F18="",$G18=""),"Chybí letiště",IF(OR($H18="",$I18="",$J18="",$K18=""),"Chybí čas",IF(OR($H18>$I18,$I18>$J18,$J18>$K18),"Časy mimo pořadí",IF($M18>$L18,"Air > Block",IF(OR($S18="", $S18<=0),"Chybí sazba","OK"))))))) -> OK
A19: 44122 | B19: ULL | C19: OK-XAI04 | D19: Bristell | E19: ULL | F19: LKSZ | G19: LKSZ | H19: 0.60277778 | I19: 0.60625 | J19: 0.61875 | K19: 0.62222222 | L19: =IF($A19="","",IF(AND(ISNUMBER($H19),ISNUMBER($K19)),MOD($K19-$H19,1),"")) -> 0.019444444 | M19: =IF($A19="","",IF(AND(ISNUMBER($I19),ISNUMBER($J19)),MOD($J19-$I19,1),"")) -> 0.0125 | N19: 4 | O19: Točík Filip | Q19: PIC | S19: 1860 | T19: =IF($A19="","",IF(OR($S19="", $S19<=0, $L19=""),"",ROUND($L19*24*$S19,2))) -> 868 | V19: =IF($A19="","",IF(OR(YEAR($A19)<2020,YEAR($A19)>2030),"Podezřelé datum",IF(OR($F19="",$G19=""),"Chybí letiště",IF(OR($H19="",$I19="",$J19="",$K19=""),"Chybí čas",IF(OR($H19>$I19,$I19>$J19,$J19>$K19),"Časy mimo pořadí",IF($M19>$L19,"Air > Block",IF(OR($S19="", $S19<=0),"Chybí sazba","OK"))))))) -> OK
A20: 44124 | B20: ULL | C20: OK-XAI04 | D20: Bristell | E20: ULL | F20: LKSZ | G20: LKSZ | H20: 0.55208333 | I20: 0.55555556 | J20: 0.60138889 | K20: 0.60486111 | L20: =IF($A20="","",IF(AND(ISNUMBER($H20),ISNUMBER($K20)),MOD($K20-$H20,1),"")) -> 0.052777778 | M20: =IF($A20="","",IF(AND(ISNUMBER($I20),ISNUMBER($J20)),MOD($J20-$I20,1),"")) -> 0.045833333 | N20: 2 | O20: Točík Filip | P20: Šimon Jan | Q20: DUAL | S20: 1860 | T20: =IF($A20="","",IF(OR($S20="", $S20<=0, $L20=""),"",ROUND($L20*24*$S20,2))) -> 2356 | V20: =IF($A20="","",IF(OR(YEAR($A20)<2020,YEAR($A20)>2030),"Podezřelé datum",IF(OR($F20="",$G20=""),"Chybí letiště",IF(OR($H20="",$I20="",$J20="",$K20=""),"Chybí čas",IF(OR($H20>$I20,$I20>$J20,$J20>$K20),"Časy mimo pořadí",IF($M20>$L20,"Air > Block",IF(OR($S20="", $S20<=0),"Chybí sazba","OK"))))))) -> OK
A21: 44128 | B21: ULL | C21: OK-XAI04 | D21: Bristell | E21: ULL | F21: LKSZ | G21: LKSZ | H21: 0.49513889 | I21: 0.49861111 | J21: 0.54861111 | K21: 0.55208333 | L21: =IF($A21="","",IF(AND(ISNUMBER($H21),ISNUMBER($K21)),MOD($K21-$H21,1),"")) -> 0.056944444 | M21: =IF($A21="","",IF(AND(ISNUMBER($I21),ISNUMBER($J21)),MOD($J21-$I21,1),"")) -> 0.05 | N21: 2 | O21: Točík Filip | Q21: PIC | S21: 1860 | T21: =IF($A21="","",IF(OR($S21="", $S21<=0, $L21=""),"",ROUND($L21*24*$S21,2))) -> 2542 | V21: =IF($A21="","",IF(OR(YEAR($A21)<2020,YEAR($A21)>2030),"Podezřelé datum",IF(OR($F21="",$G21=""),"Chybí letiště",IF(OR($H21="",$I21="",$J21="",$K21=""),"Chybí čas",IF(OR($H21>$I21,$I21>$J21,$J21>$K21),"Časy mimo pořadí",IF($M21>$L21,"Air > Block",IF(OR($S21="", $S21<=0),"Chybí sazba","OK"))))))) -> OK
A22: 44141 | B22: ULL | C22: OK-XAI04 | D22: Bristell | E22: ULL | F22: LKSZ | G22: LKSZ | H22: 0.61111111 | I22: 0.61458333 | J22: 0.64375 | K22: 0.64722222 | L22: =IF($A22="","",IF(AND(ISNUMBER($H22),ISNUMBER($K22)),MOD($K22-$H22,1),"")) -> 0.036111111 | M22: =IF($A22="","",IF(AND(ISNUMBER($I22),ISNUMBER($J22)),MOD($J22-$I22,1),"")) -> 0.029166667 | N22: 2 | O22: Točík Filip | Q22: PIC | S22: 1860 | T22: =IF($A22="","",IF(OR($S22="", $S22<=0, $L22=""),"",ROUND($L22*24*$S22,2))) -> 1612 | V22: =IF($A22="","",IF(OR(YEAR($A22)<2020,YEAR($A22)>2030),"Podezřelé datum",IF(OR($F22="",$G22=""),"Chybí letiště",IF(OR($H22="",$I22="",$J22="",$K22=""),"Chybí čas",IF(OR($H22>$I22,$I22>$J22,$J22>$K22),"Časy mimo pořadí",IF($M22>$L22,"Air > Block",IF(OR($S22="", $S22<=0),"Chybí sazba","OK"))))))) -> OK
A23: 44153 | B23: ULL | C23: OK-XAI04 | D23: Bristell | E23: ULL | F23: LKSZ | G23: LKSZ | H23: 0.49652778 | I23: 0.5 | J23: 0.6 | K23: 0.60347222 | L23: =IF($A23="","",IF(AND(ISNUMBER($H23),ISNUMBER($K23)),MOD($K23-$H23,1),"")) -> 0.10694444 | M23: =IF($A23="","",IF(AND(ISNUMBER($I23),ISNUMBER($J23)),MOD($J23-$I23,1),"")) -> 0.1 | N23: 3 | O23: Točík Filip | Q23: PIC | S23: 1860 | T23: =IF($A23="","",IF(OR($S23="", $S23<=0, $L23=""),"",ROUND($L23*24*$S23,2))) -> 4774 | V23: =IF($A23="","",IF(OR(YEAR($A23)<2020,YEAR($A23)>2030),"Podezřelé datum",IF(OR($F23="",$G23=""),"Chybí letiště",IF(OR($H23="",$I23="",$J23="",$K23=""),"Chybí čas",IF(OR($H23>$I23,$I23>$J23,$J23>$K23),"Časy mimo pořadí",IF($M23>$L23,"Air > Block",IF(OR($S23="", $S23<=0),"Chybí sazba","OK"))))))) -> OK
A24: 44165 | B24: ULL | C24: OK-XAI04 | D24: Bristell | E24: ULL | F24: LKSZ | G24: LKSZ | H24: 0.5625 | I24: 0.56597222 | J24: 0.64097222 | K24: 0.64444444 | L24: =IF($A24="","",IF(AND(ISNUMBER($H24),ISNUMBER($K24)),MOD($K24-$H24,1),"")) -> 0.081944444 | M24: =IF($A24="","",IF(AND(ISNUMBER($I24),ISNUMBER($J24)),MOD($J24-$I24,1),"")) -> 0.075 | N24: 3 | O24: Točík Filip | Q24: PIC | S24: 1860 | T24: =IF($A24="","",IF(OR($S24="", $S24<=0, $L24=""),"",ROUND($L24*24*$S24,2))) -> 3658 | V24: =IF($A24="","",IF(OR(YEAR($A24)<2020,YEAR($A24)>2030),"Podezřelé datum",IF(OR($F24="",$G24=""),"Chybí letiště",IF(OR($H24="",$I24="",$J24="",$K24=""),"Chybí čas",IF(OR($H24>$I24,$I24>$J24,$J24>$K24),"Časy mimo pořadí",IF($M24>$L24,"Air > Block",IF(OR($S24="", $S24<=0),"Chybí sazba","OK"))))))) -> OK
A25: 44195 | B25: ULL | C25: OK-XAI04 | D25: Bristell | E25: ULL | F25: LKSZ | G25: LKSZ | H25: 0.60277778 | I25: 0.60625 | J25: 0.64791667 | K25: 0.65138889 | L25: =IF($A25="","",IF(AND(ISNUMBER($H25),ISNUMBER($K25)),MOD($K25-$H25,1),"")) -> 0.048611111 | M25: =IF($A25="","",IF(AND(ISNUMBER($I25),ISNUMBER($J25)),MOD($J25-$I25,1),"")) -> 0.041666667 | N25: 3 | O25: Točík Filip | Q25: PIC | S25: 1860 | T25: =IF($A25="","",IF(OR($S25="", $S25<=0, $L25=""),"",ROUND($L25*24*$S25,2))) -> 2170 | V25: =IF($A25="","",IF(OR(YEAR($A25)<2020,YEAR($A25)>2030),"Podezřelé datum",IF(OR($F25="",$G25=""),"Chybí letiště",IF(OR($H25="",$I25="",$J25="",$K25=""),"Chybí čas",IF(OR($H25>$I25,$I25>$J25,$J25>$K25),"Časy mimo pořadí",IF($M25>$L25,"Air > Block",IF(OR($S25="", $S25<=0),"Chybí sazba","OK"))))))) -> OK
A26: 44207 | B26: ULL | C26: OK-XAI04 | D26: Bristell | E26: ULL | F26: LKSZ | G26: LKSZ | H26: 0.54305556 | I26: 0.54652778 | J26: 0.58819444 | K26: 0.59166667 | L26: =IF($A26="","",IF(AND(ISNUMBER($H26),ISNUMBER($K26)),MOD($K26-$H26,1),"")) -> 0.048611111 | M26: =IF($A26="","",IF(AND(ISNUMBER($I26),ISNUMBER($J26)),MOD($J26-$I26,1),"")) -> 0.041666667 | N26: 14 | O26: Točík Filip | Q26: PIC | S26: 1860 | T26: =IF($A26="","",IF(OR($S26="", $S26<=0, $L26=""),"",ROUND($L26*24*$S26,2))) -> 2170 | V26: =IF($A26="","",IF(OR(YEAR($A26)<2020,YEAR($A26)>2030),"Podezřelé datum",IF(OR($F26="",$G26=""),"Chybí letiště",IF(OR($H26="",$I26="",$J26="",$K26=""),"Chybí čas",IF(OR($H26>$I26,$I26>$J26,$J26>$K26),"Časy mimo pořadí",IF($M26>$L26,"Air > Block",IF(OR($S26="", $S26<=0),"Chybí sazba","OK"))))))) -> OK
A27: 44228 | B27: ULL | C27: OK-XAI04 | D27: Bristell | E27: ULL | F27: LKSZ | G27: LKSZ | H27: 0.25972222 | I27: 0.26319444 | J27: 0.32569444 | K27: 0.32916667 | L27: =IF($A27="","",IF(AND(ISNUMBER($H27),ISNUMBER($K27)),MOD($K27-$H27,1),"")) -> 0.069444444 | M27: =IF($A27="","",IF(AND(ISNUMBER($I27),ISNUMBER($J27)),MOD($J27-$I27,1),"")) -> 0.0625 | N27: 10 | O27: Točík Filip | Q27: PIC | S27: 1860 | T27: =IF($A27="","",IF(OR($S27="", $S27<=0, $L27=""),"",ROUND($L27*24*$S27,2))) -> 3100 | V27: =IF($A27="","",IF(OR(YEAR($A27)<2020,YEAR($A27)>2030),"Podezřelé datum",IF(OR($F27="",$G27=""),"Chybí letiště",IF(OR($H27="",$I27="",$J27="",$K27=""),"Chybí čas",IF(OR($H27>$I27,$I27>$J27,$J27>$K27),"Časy mimo pořadí",IF($M27>$L27,"Air > Block",IF(OR($S27="", $S27<=0),"Chybí sazba","OK"))))))) -> OK
A28: 44240 | B28: ULL | C28: OK-XAI04 | D28: Bristell | E28: ULL | F28: LKSZ | G28: LKSZ | H28: 0.46597222 | I28: 0.46944444 | J28: 0.49027778 | K28: 0.49375 | L28: =IF($A28="","",IF(AND(ISNUMBER($H28),ISNUMBER($K28)),MOD($K28-$H28,1),"")) -> 0.027777778 | M28: =IF($A28="","",IF(AND(ISNUMBER($I28),ISNUMBER($J28)),MOD($J28-$I28,1),"")) -> 0.020833333 | N28: 4 | O28: Točík Filip | P28: Vyhnal Libor | Q28: DUAL | S28: 1860 | T28: =IF($A28="","",IF(OR($S28="", $S28<=0, $L28=""),"",ROUND($L28*24*$S28,2))) -> 1240 | V28: =IF($A28="","",IF(OR(YEAR($A28)<2020,YEAR($A28)>2030),"Podezřelé datum",IF(OR($F28="",$G28=""),"Chybí letiště",IF(OR($H28="",$I28="",$J28="",$K28=""),"Chybí čas",IF(OR($H28>$I28,$I28>$J28,$J28>$K28),"Časy mimo pořadí",IF($M28>$L28,"Air > Block",IF(OR($S28="", $S28<=0),"Chybí sazba","OK"))))))) -> OK
A29: 44262 | B29: ULL | C29: OK-XAI04 | D29: Bristell | E29: ULL | F29: LKSZ | G29: LKSZ | H29: 0.43402778 | I29: 0.4375 | J29: 0.55833333 | K29: 0.56180556 | L29: =IF($A29="","",IF(AND(ISNUMBER($H29),ISNUMBER($K29)),MOD($K29-$H29,1),"")) -> 0.12777778 | M29: =IF($A29="","",IF(AND(ISNUMBER($I29),ISNUMBER($J29)),MOD($J29-$I29,1),"")) -> 0.12083333 | N29: 3 | O29: Točík Filip | Q29: PIC | S29: 1860 | T29: =IF($A29="","",IF(OR($S29="", $S29<=0, $L29=""),"",ROUND($L29*24*$S29,2))) -> 5704 | V29: =IF($A29="","",IF(OR(YEAR($A29)<2020,YEAR($A29)>2030),"Podezřelé datum",IF(OR($F29="",$G29=""),"Chybí letiště",IF(OR($H29="",$I29="",$J29="",$K29=""),"Chybí čas",IF(OR($H29>$I29,$I29>$J29,$J29>$K29),"Časy mimo pořadí",IF($M29>$L29,"Air > Block",IF(OR($S29="", $S29<=0),"Chybí sazba","OK"))))))) -> OK
A30: 44316 | B30: ULL | C30: OK-XAI04 | D30: Bristell | E30: ULL | F30: LKSZ | G30: LKSZ | H30: 0.40416667 | I30: 0.40763889 | J30: 0.48263889 | K30: 0.48611111 | L30: =IF($A30="","",IF(AND(ISNUMBER($H30),ISNUMBER($K30)),MOD($K30-$H30,1),"")) -> 0.081944444 | M30: =IF($A30="","",IF(AND(ISNUMBER($I30),ISNUMBER($J30)),MOD($J30-$I30,1),"")) -> 0.075 | N30: 4 | O30: Točík Filip | Q30: PIC | S30: 1860 | T30: =IF($A30="","",IF(OR($S30="", $S30<=0, $L30=""),"",ROUND($L30*24*$S30,2))) -> 3658 | V30: =IF($A30="","",IF(OR(YEAR($A30)<2020,YEAR($A30)>2030),"Podezřelé datum",IF(OR($F30="",$G30=""),"Chybí letiště",IF(OR($H30="",$I30="",$J30="",$K30=""),"Chybí čas",IF(OR($H30>$I30,$I30>$J30,$J30>$K30),"Časy mimo pořadí",IF($M30>$L30,"Air > Block",IF(OR($S30="", $S30<=0),"Chybí sazba","OK"))))))) -> OK
A31: 44340 | B31: ULL | C31: OK-XAI04 | D31: Bristell | E31: ULL | F31: LKSZ | G31: LKSZ | H31: 0.49166667 | I31: 0.49513889 | J31: 0.51597222 | K31: 0.51944444 | L31: =IF($A31="","",IF(AND(ISNUMBER($H31),ISNUMBER($K31)),MOD($K31-$H31,1),"")) -> 0.027777778 | M31: =IF($A31="","",IF(AND(ISNUMBER($I31),ISNUMBER($J31)),MOD($J31-$I31,1),"")) -> 0.020833333 | N31: 3 | O31: Točík Filip | P31: Šindelář Petr | Q31: DUAL | S31: 1860 | T31: =IF($A31="","",IF(OR($S31="", $S31<=0, $L31=""),"",ROUND($L31*24*$S31,2))) -> 1240 | V31: =IF($A31="","",IF(OR(YEAR($A31)<2020,YEAR($A31)>2030),"Podezřelé datum",IF(OR($F31="",$G31=""),"Chybí letiště",IF(OR($H31="",$I31="",$J31="",$K31=""),"Chybí čas",IF(OR($H31>$I31,$I31>$J31,$J31>$K31),"Časy mimo pořadí",IF($M31>$L31,"Air > Block",IF(OR($S31="", $S31<=0),"Chybí sazba","OK"))))))) -> OK
A32: 44340 | B32: ULL | C32: OK-XAI04 | D32: Bristell | E32: ULL | F32: LKSZ | G32: LKSZ | H32: 0.54305556 | I32: 0.54652778 | J32: 0.56736111 | K32: 0.57083333 | L32: =IF($A32="","",IF(AND(ISNUMBER($H32),ISNUMBER($K32)),MOD($K32-$H32,1),"")) -> 0.027777778 | M32: =IF($A32="","",IF(AND(ISNUMBER($I32),ISNUMBER($J32)),MOD($J32-$I32,1),"")) -> 0.020833333 | N32: 8 | O32: Točík Filip | Q32: PIC | S32: 1860 | T32: =IF($A32="","",IF(OR($S32="", $S32<=0, $L32=""),"",ROUND($L32*24*$S32,2))) -> 1240 | V32: =IF($A32="","",IF(OR(YEAR($A32)<2020,YEAR($A32)>2030),"Podezřelé datum",IF(OR($F32="",$G32=""),"Chybí letiště",IF(OR($H32="",$I32="",$J32="",$K32=""),"Chybí čas",IF(OR($H32>$I32,$I32>$J32,$J32>$K32),"Časy mimo pořadí",IF($M32>$L32,"Air > Block",IF(OR($S32="", $S32<=0),"Chybí sazba","OK"))))))) -> OK
A33: 44352 | B33: ULL | C33: OK-XAI04 | D33: Bristell | E33: ULL | F33: LKSZ | G33: LKMO | H33: 0.37083333 | I33: 0.37430556 | J33: 0.38680556 | K33: 0.39027778 | L33: =IF($A33="","",IF(AND(ISNUMBER($H33),ISNUMBER($K33)),MOD($K33-$H33,1),"")) -> 0.019444444 | M33: =IF($A33="","",IF(AND(ISNUMBER($I33),ISNUMBER($J33)),MOD($J33-$I33,1),"")) -> 0.0125 | N33: 1 | O33: Točík Filip | Q33: PIC | R33: LKSZ-LKMO | S33: 1860 | T33: =IF($A33="","",IF(OR($S33="", $S33<=0, $L33=""),"",ROUND($L33*24*$S33,2))) -> 868 | V33: =IF($A33="","",IF(OR(YEAR($A33)<2020,YEAR($A33)>2030),"Podezřelé datum",IF(OR($F33="",$G33=""),"Chybí letiště",IF(OR($H33="",$I33="",$J33="",$K33=""),"Chybí čas",IF(OR($H33>$I33,$I33>$J33,$J33>$K33),"Časy mimo pořadí",IF($M33>$L33,"Air > Block",IF(OR($S33="", $S33<=0),"Chybí sazba","OK"))))))) -> OK
A34: 44352 | B34: ULL | C34: OK-XAI04 | D34: Bristell | E34: ULL | F34: LKMO | G34: LKSZ | H34: 0.43125 | I34: 0.43472222 | J34: 0.44722222 | K34: 0.45069444 | L34: =IF($A34="","",IF(AND(ISNUMBER($H34),ISNUMBER($K34)),MOD($K34-$H34,1),"")) -> 0.019444444 | M34: =IF($A34="","",IF(AND(ISNUMBER($I34),ISNUMBER($J34)),MOD($J34-$I34,1),"")) -> 0.0125 | N34: 1 | O34: Točík Filip | Q34: PIC | R34: LKMO-LKSZ | S34: 1860 | T34: =IF($A34="","",IF(OR($S34="", $S34<=0, $L34=""),"",ROUND($L34*24*$S34,2))) -> 868 | V34: =IF($A34="","",IF(OR(YEAR($A34)<2020,YEAR($A34)>2030),"Podezřelé datum",IF(OR($F34="",$G34=""),"Chybí letiště",IF(OR($H34="",$I34="",$J34="",$K34=""),"Chybí čas",IF(OR($H34>$I34,$I34>$J34,$J34>$K34),"Časy mimo pořadí",IF($M34>$L34,"Air > Block",IF(OR($S34="", $S34<=0),"Chybí sazba","OK"))))))) -> OK
A35: 44358 | B35: ULL | C35: OK-XAI04 | D35: Bristell | E35: ULL | F35: LKSZ | G35: LKCHRI | H35: 0.56736111 | I35: 0.57083333 | J35: 0.5875 | K35: 0.59097222 | L35: =IF($A35="","",IF(AND(ISNUMBER($H35),ISNUMBER($K35)),MOD($K35-$H35,1),"")) -> 0.023611111 | M35: =IF($A35="","",IF(AND(ISNUMBER($I35),ISNUMBER($J35)),MOD($J35-$I35,1),"")) -> 0.016666667 | N35: 1 | O35: Točík Filip | Q35: PIC | R35: LKSZ-LKCHRI | S35: 1860 | T35: =IF($A35="","",IF(OR($S35="", $S35<=0, $L35=""),"",ROUND($L35*24*$S35,2))) -> 1054 | V35: =IF($A35="","",IF(OR(YEAR($A35)<2020,YEAR($A35)>2030),"Podezřelé datum",IF(OR($F35="",$G35=""),"Chybí letiště",IF(OR($H35="",$I35="",$J35="",$K35=""),"Chybí čas",IF(OR($H35>$I35,$I35>$J35,$J35>$K35),"Časy mimo pořadí",IF($M35>$L35,"Air > Block",IF(OR($S35="", $S35<=0),"Chybí sazba","OK"))))))) -> OK
A36: 44358 | B36: ULL | C36: OK-XAI04 | D36: Bristell | E36: ULL | F36: LKCHRI | G36: LKSZ | H36: 0.60486111 | I36: 0.60833333 | J36: 0.62916667 | K36: 0.63263889 | L36: =IF($A36="","",IF(AND(ISNUMBER($H36),ISNUMBER($K36)),MOD($K36-$H36,1),"")) -> 0.027777778 | M36: =IF($A36="","",IF(AND(ISNUMBER($I36),ISNUMBER($J36)),MOD($J36-$I36,1),"")) -> 0.020833333 | N36: 1 | O36: Točík Filip | Q36: PIC | R36: LKCHRI-LKSZ | S36: 1860 | T36: =IF($A36="","",IF(OR($S36="", $S36<=0, $L36=""),"",ROUND($L36*24*$S36,2))) -> 1240 | V36: =IF($A36="","",IF(OR(YEAR($A36)<2020,YEAR($A36)>2030),"Podezřelé datum",IF(OR($F36="",$G36=""),"Chybí letiště",IF(OR($H36="",$I36="",$J36="",$K36=""),"Chybí čas",IF(OR($H36>$I36,$I36>$J36,$J36>$K36),"Časy mimo pořadí",IF($M36>$L36,"Air > Block",IF(OR($S36="", $S36<=0),"Chybí sazba","OK"))))))) -> OK
A37: 44375 | B37: ULL | C37: OK-XAI04 | D37: Bristell | E37: ULL | F37: LKSZ | G37: LKSZ | H37: 0.69097222 | I37: 0.69444444 | J37: 0.77361111 | K37: 0.77708333 | L37: =IF($A37="","",IF(AND(ISNUMBER($H37),ISNUMBER($K37)),MOD($K37-$H37,1),"")) -> 0.086111111 | M37: =IF($A37="","",IF(AND(ISNUMBER($I37),ISNUMBER($J37)),MOD($J37-$I37,1),"")) -> 0.079166667 | N37: 2 | O37: Točík Filip | Q37: PIC | R37: LKSZ-LKHD-LKSZ | S37: 1860 | T37: =IF($A37="","",IF(OR($S37="", $S37<=0, $L37=""),"",ROUND($L37*24*$S37,2))) -> 3844 | V37: =IF($A37="","",IF(OR(YEAR($A37)<2020,YEAR($A37)>2030),"Podezřelé datum",IF(OR($F37="",$G37=""),"Chybí letiště",IF(OR($H37="",$I37="",$J37="",$K37=""),"Chybí čas",IF(OR($H37>$I37,$I37>$J37,$J37>$K37),"Časy mimo pořadí",IF($M37>$L37,"Air > Block",IF(OR($S37="", $S37<=0),"Chybí sazba","OK"))))))) -> OK
A38: 44379 | B38: ULL | C38: OK-XAI04 | D38: Bristell | E38: ULL | F38: LKSZ | G38: LKSZ | H38: 0.67638889 | I38: 0.67986111 | J38: 0.69652778 | K38: 0.7 | L38: =IF($A38="","",IF(AND(ISNUMBER($H38),ISNUMBER($K38)),MOD($K38-$H38,1),"")) -> 0.023611111 | M38: =IF($A38="","",IF(AND(ISNUMBER($I38),ISNUMBER($J38)),MOD($J38-$I38,1),"")) -> 0.016666667 | N38: 2 | O38: Točík Filip | Q38: PIC | S38: 1860 | T38: =IF($A38="","",IF(OR($S38="", $S38<=0, $L38=""),"",ROUND($L38*24*$S38,2))) -> 1054 | V38: =IF($A38="","",IF(OR(YEAR($A38)<2020,YEAR($A38)>2030),"Podezřelé datum",IF(OR($F38="",$G38=""),"Chybí letiště",IF(OR($H38="",$I38="",$J38="",$K38=""),"Chybí čas",IF(OR($H38>$I38,$I38>$J38,$J38>$K38),"Časy mimo pořadí",IF($M38>$L38,"Air > Block",IF(OR($S38="", $S38<=0),"Chybí sazba","OK"))))))) -> OK
A39: 44384 | B39: ULL | C39: OK-XAI04 | D39: Bristell | E39: ULL | F39: LKSZ | G39: LKSZ | H39: 0.60416667 | I39: 0.60763889 | J39: 0.67013889 | K39: 0.67361111 | L39: =IF($A39="","",IF(AND(ISNUMBER($H39),ISNUMBER($K39)),MOD($K39-$H39,1),"")) -> 0.069444444 | M39: =IF($A39="","",IF(AND(ISNUMBER($I39),ISNUMBER($J39)),MOD($J39-$I39,1),"")) -> 0.0625 | N39: 4 | O39: Točík Filip | Q39: PIC | S39: 1860 | T39: =IF($A39="","",IF(OR($S39="", $S39<=0, $L39=""),"",ROUND($L39*24*$S39,2))) -> 3100 | V39: =IF($A39="","",IF(OR(YEAR($A39)<2020,YEAR($A39)>2030),"Podezřelé datum",IF(OR($F39="",$G39=""),"Chybí letiště",IF(OR($H39="",$I39="",$J39="",$K39=""),"Chybí čas",IF(OR($H39>$I39,$I39>$J39,$J39>$K39),"Časy mimo pořadí",IF($M39>$L39,"Air > Block",IF(OR($S39="", $S39<=0),"Chybí sazba","OK"))))))) -> OK
A40: 44387 | B40: ULL | C40: OK-XAI04 | D40: Bristell | E40: ULL | F40: LKSZ | G40: LKSZ | H40: 0.75 | I40: 0.75347222 | J40: 0.77430556 | K40: 0.77777778 | L40: =IF($A40="","",IF(AND(ISNUMBER($H40),ISNUMBER($K40)),MOD($K40-$H40,1),"")) -> 0.027777778 | M40: =IF($A40="","",IF(AND(ISNUMBER($I40),ISNUMBER($J40)),MOD($J40-$I40,1),"")) -> 0.020833333 | N40: 1 | O40: Točík Filip | Q40: PIC | S40: 1860 | T40: =IF($A40="","",IF(OR($S40="", $S40<=0, $L40=""),"",ROUND($L40*24*$S40,2))) -> 1240 | V40: =IF($A40="","",IF(OR(YEAR($A40)<2020,YEAR($A40)>2030),"Podezřelé datum",IF(OR($F40="",$G40=""),"Chybí letiště",IF(OR($H40="",$I40="",$J40="",$K40=""),"Chybí čas",IF(OR($H40>$I40,$I40>$J40,$J40>$K40),"Časy mimo pořadí",IF($M40>$L40,"Air > Block",IF(OR($S40="", $S40<=0),"Chybí sazba","OK"))))))) -> OK
A41: 44389 | B41: ULL | C41: OK-XAI04 | D41: Bristell | E41: ULL | F41: LKSZ | G41: LKDK | H41: 0.75972222 | I41: 0.76319444 | J41: 0.78819444 | K41: 0.79166667 | L41: =IF($A41="","",IF(AND(ISNUMBER($H41),ISNUMBER($K41)),MOD($K41-$H41,1),"")) -> 0.031944444 | M41: =IF($A41="","",IF(AND(ISNUMBER($I41),ISNUMBER($J41)),MOD($J41-$I41,1),"")) -> 0.025 | N41: 1 | O41: Točík Filip | Q41: PIC | S41: 1860 | T41: =IF($A41="","",IF(OR($S41="", $S41<=0, $L41=""),"",ROUND($L41*24*$S41,2))) -> 1426 | V41: =IF($A41="","",IF(OR(YEAR($A41)<2020,YEAR($A41)>2030),"Podezřelé datum",IF(OR($F41="",$G41=""),"Chybí letiště",IF(OR($H41="",$I41="",$J41="",$K41=""),"Chybí čas",IF(OR($H41>$I41,$I41>$J41,$J41>$K41),"Časy mimo pořadí",IF($M41>$L41,"Air > Block",IF(OR($S41="", $S41<=0),"Chybí sazba","OK"))))))) -> OK
A42: 44390 | B42: ULL | C42: OK-XAI04 | D42: Bristell | E42: ULL | F42: LKDK | G42: LKSZ | H42: 0.34375 | I42: 0.34722222 | J42: 0.38055556 | K42: 0.38402778 | L42: =IF($A42="","",IF(AND(ISNUMBER($H42),ISNUMBER($K42)),MOD($K42-$H42,1),"")) -> 0.040277778 | M42: =IF($A42="","",IF(AND(ISNUMBER($I42),ISNUMBER($J42)),MOD($J42-$I42,1),"")) -> 0.033333333 | N42: 2 | O42: Točík Filip | Q42: PIC | S42: 1860 | T42: =IF($A42="","",IF(OR($S42="", $S42<=0, $L42=""),"",ROUND($L42*24*$S42,2))) -> 1798 | V42: =IF($A42="","",IF(OR(YEAR($A42)<2020,YEAR($A42)>2030),"Podezřelé datum",IF(OR($F42="",$G42=""),"Chybí letiště",IF(OR($H42="",$I42="",$J42="",$K42=""),"Chybí čas",IF(OR($H42>$I42,$I42>$J42,$J42>$K42),"Časy mimo pořadí",IF($M42>$L42,"Air > Block",IF(OR($S42="", $S42<=0),"Chybí sazba","OK"))))))) -> OK
A43: 44407 | B43: ULL | C43: OK-XAI04 | D43: Bristell | E43: ULL | F43: LKSZ | G43: LKSZ | H43: 0.34930556 | I43: 0.35208333 | J43: 0.49375 | K43: 0.49722222 | L43: =IF($A43="","",IF(AND(ISNUMBER($H43),ISNUMBER($K43)),MOD($K43-$H43,1),"")) -> 0.14791667 | M43: =IF($A43="","",IF(AND(ISNUMBER($I43),ISNUMBER($J43)),MOD($J43-$I43,1),"")) -> 0.14166667 | N43: 3 | O43: Točík Filip | Q43: PIC | R43: LKSZ-EDMU-LOWL-LKSZ | S43: 1860 | T43: =IF($A43="","",IF(OR($S43="", $S43<=0, $L43=""),"",ROUND($L43*24*$S43,2))) -> 6603 | V43: =IF($A43="","",IF(OR(YEAR($A43)<2020,YEAR($A43)>2030),"Podezřelé datum",IF(OR($F43="",$G43=""),"Chybí letiště",IF(OR($H43="",$I43="",$J43="",$K43=""),"Chybí čas",IF(OR($H43>$I43,$I43>$J43,$J43>$K43),"Časy mimo pořadí",IF($M43>$L43,"Air > Block",IF(OR($S43="", $S43<=0),"Chybí sazba","OK"))))))) -> OK
A44: 44422 | B44: ULL | C44: OK-XAI04 | D44: Bristell | E44: ULL | F44: LKSZ | G44: LKSZ | H44: 0.61875 | I44: 0.62222222 | J44: 0.65555556 | K44: 0.65902778 | L44: =IF($A44="","",IF(AND(ISNUMBER($H44),ISNUMBER($K44)),MOD($K44-$H44,1),"")) -> 0.040277778 | M44: =IF($A44="","",IF(AND(ISNUMBER($I44),ISNUMBER($J44)),MOD($J44-$I44,1),"")) -> 0.033333333 | N44: 2 | O44: Točík Filip | Q44: PIC | R44: LKSZ-LKTC-LKSZ | S44: 1860 | T44: =IF($A44="","",IF(OR($S44="", $S44<=0, $L44=""),"",ROUND($L44*24*$S44,2))) -> 1798 | V44: =IF($A44="","",IF(OR(YEAR($A44)<2020,YEAR($A44)>2030),"Podezřelé datum",IF(OR($F44="",$G44=""),"Chybí letiště",IF(OR($H44="",$I44="",$J44="",$K44=""),"Chybí čas",IF(OR($H44>$I44,$I44>$J44,$J44>$K44),"Časy mimo pořadí",IF($M44>$L44,"Air > Block",IF(OR($S44="", $S44<=0),"Chybí sazba","OK"))))))) -> OK
A45: 44429 | B45: ULL | C45: OK-XAI04 | D45: Bristell | E45: ULL | F45: LKSZ | G45: LKSZ | H45: 0.69444444 | I45: 0.69791667 | J45: 0.72708333 | K45: 0.73055556 | L45: =IF($A45="","",IF(AND(ISNUMBER($H45),ISNUMBER($K45)),MOD($K45-$H45,1),"")) -> 0.036111111 | M45: =IF($A45="","",IF(AND(ISNUMBER($I45),ISNUMBER($J45)),MOD($J45-$I45,1),"")) -> 0.029166667 | N45: 2 | O45: Točík Filip | Q45: PIC | S45: 1860 | T45: =IF($A45="","",IF(OR($S45="", $S45<=0, $L45=""),"",ROUND($L45*24*$S45,2))) -> 1612 | V45: =IF($A45="","",IF(OR(YEAR($A45)<2020,YEAR($A45)>2030),"Podezřelé datum",IF(OR($F45="",$G45=""),"Chybí letiště",IF(OR($H45="",$I45="",$J45="",$K45=""),"Chybí čas",IF(OR($H45>$I45,$I45>$J45,$J45>$K45),"Časy mimo pořadí",IF($M45>$L45,"Air > Block",IF(OR($S45="", $S45<=0),"Chybí sazba","OK"))))))) -> OK
A46: 44433 | B46: ULL | C46: OK-XAI04 | D46: Bristell | E46: ULL | F46: LKSZ | G46: LKSZ | H46: 0.46875 | I46: 0.47222222 | J46: 0.53472222 | K46: 0.53819444 | L46: =IF($A46="","",IF(AND(ISNUMBER($H46),ISNUMBER($K46)),MOD($K46-$H46,1),"")) -> 0.069444444 | M46: =IF($A46="","",IF(AND(ISNUMBER($I46),ISNUMBER($J46)),MOD($J46-$I46,1),"")) -> 0.0625 | N46: 1 | O46: Točík Filip | Q46: PIC | S46: 1860 | T46: =IF($A46="","",IF(OR($S46="", $S46<=0, $L46=""),"",ROUND($L46*24*$S46,2))) -> 3100 | V46: =IF($A46="","",IF(OR(YEAR($A46)<2020,YEAR($A46)>2030),"Podezřelé datum",IF(OR($F46="",$G46=""),"Chybí letiště",IF(OR($H46="",$I46="",$J46="",$K46=""),"Chybí čas",IF(OR($H46>$I46,$I46>$J46,$J46>$K46),"Časy mimo pořadí",IF($M46>$L46,"Air > Block",IF(OR($S46="", $S46<=0),"Chybí sazba","OK"))))))) -> OK
A47: 44447 | B47: ULL | C47: OK-XAI04 | D47: Bristell | E47: ULL | F47: LKSZ | G47: LKSZ | H47: 0.56319444 | I47: 0.56666667 | J47: 0.6 | K47: 0.60347222 | L47: =IF($A47="","",IF(AND(ISNUMBER($H47),ISNUMBER($K47)),MOD($K47-$H47,1),"")) -> 0.040277778 | M47: =IF($A47="","",IF(AND(ISNUMBER($I47),ISNUMBER($J47)),MOD($J47-$I47,1),"")) -> 0.033333333 | N47: 1 | O47: Točík Filip | Q47: PIC | S47: 1860 | T47: =IF($A47="","",IF(OR($S47="", $S47<=0, $L47=""),"",ROUND($L47*24*$S47,2))) -> 1798 | V47: =IF($A47="","",IF(OR(YEAR($A47)<2020,YEAR($A47)>2030),"Podezřelé datum",IF(OR($F47="",$G47=""),"Chybí letiště",IF(OR($H47="",$I47="",$J47="",$K47=""),"Chybí čas",IF(OR($H47>$I47,$I47>$J47,$J47>$K47),"Časy mimo pořadí",IF($M47>$L47,"Air > Block",IF(OR($S47="", $S47<=0),"Chybí sazba","OK"))))))) -> OK
A48: 44450 | B48: EASA | C48: OK-IAF | D48: P208 | E48: SEP | F48: LKSZ | G48: LKSZ | H48: 0.63194444 | I48: 0.63541667 | J48: 0.65486111 | K48: 0.65833333 | L48: =IF($A48="","",IF(AND(ISNUMBER($H48),ISNUMBER($K48)),MOD($K48-$H48,1),"")) -> 0.026388889 | M48: =IF($A48="","",IF(AND(ISNUMBER($I48),ISNUMBER($J48)),MOD($J48-$I48,1),"")) -> 0.019444444 | N48: 1 | O48: Točík Filip | P48: Doubek Petr | Q48: DUAL | R48: PLZ DTO 082 | S48: 3060 | T48: =IF($A48="","",IF(OR($S48="", $S48<=0, $L48=""),"",ROUND($L48*24*$S48,2))) -> 1938 | V48: =IF($A48="","",IF(OR(YEAR($A48)<2020,YEAR($A48)>2030),"Podezřelé datum",IF(OR($F48="",$G48=""),"Chybí letiště",IF(OR($H48="",$I48="",$J48="",$K48=""),"Chybí čas",IF(OR($H48>$I48,$I48>$J48,$J48>$K48),"Časy mimo pořadí",IF($M48>$L48,"Air > Block",IF(OR($S48="", $S48<=0),"Chybí sazba","OK"))))))) -> OK
A49: 44451 | B49: EASA | C49: OK-IAF | D49: P208 | E49: SEP | F49: LKSZ | G49: LKSZ | H49: 0.44791667 | I49: 0.45138889 | J49: 0.50347222 | K49: 0.50694444 | L49: =IF($A49="","",IF(AND(ISNUMBER($H49),ISNUMBER($K49)),MOD($K49-$H49,1),"")) -> 0.059027778 | M49: =IF($A49="","",IF(AND(ISNUMBER($I49),ISNUMBER($J49)),MOD($J49-$I49,1),"")) -> 0.052083333 | N49: 10 | O49: Točík Filip | P49: Doubek Petr | Q49: DUAL | R49: 10A, 11, 12/13 | S49: 3060 | T49: =IF($A49="","",IF(OR($S49="", $S49<=0, $L49=""),"",ROUND($L49*24*$S49,2))) -> 4335 | V49: =IF($A49="","",IF(OR(YEAR($A49)<2020,YEAR($A49)>2030),"Podezřelé datum",IF(OR($F49="",$G49=""),"Chybí letiště",IF(OR($H49="",$I49="",$J49="",$K49=""),"Chybí čas",IF(OR($H49>$I49,$I49>$J49,$J49>$K49),"Časy mimo pořadí",IF($M49>$L49,"Air > Block",IF(OR($S49="", $S49<=0),"Chybí sazba","OK"))))))) -> OK
A50: 44465 | B50: ULL | C50: OK-XAI04 | D50: Bristell | E50: ULL | F50: LKSZ | G50: LKSZ | H50: 0.55138889 | I50: 0.55486111 | J50: 0.58819444 | K50: 0.59166667 | L50: =IF($A50="","",IF(AND(ISNUMBER($H50),ISNUMBER($K50)),MOD($K50-$H50,1),"")) -> 0.040277778 | M50: =IF($A50="","",IF(AND(ISNUMBER($I50),ISNUMBER($J50)),MOD($J50-$I50,1),"")) -> 0.033333333 | N50: 1 | O50: Točík Filip | Q50: PIC | S50: 1860 | T50: =IF($A50="","",IF(OR($S50="", $S50<=0, $L50=""),"",ROUND($L50*24*$S50,2))) -> 1798 | V50: =IF($A50="","",IF(OR(YEAR($A50)<2020,YEAR($A50)>2030),"Podezřelé datum",IF(OR($F50="",$G50=""),"Chybí letiště",IF(OR($H50="",$I50="",$J50="",$K50=""),"Chybí čas",IF(OR($H50>$I50,$I50>$J50,$J50>$K50),"Časy mimo pořadí",IF($M50>$L50,"Air > Block",IF(OR($S50="", $S50<=0),"Chybí sazba","OK"))))))) -> OK
A51: 44465 | B51: ULL | C51: OK-XAI04 | D51: Bristell | E51: ULL | F51: LKSZ | G51: LKSZ | H51: 0.68263889 | I51: 0.68611111 | J51: 0.70694444 | K51: 0.71041667 | L51: =IF($A51="","",IF(AND(ISNUMBER($H51),ISNUMBER($K51)),MOD($K51-$H51,1),"")) -> 0.027777778 | M51: =IF($A51="","",IF(AND(ISNUMBER($I51),ISNUMBER($J51)),MOD($J51-$I51,1),"")) -> 0.020833333 | N51: 4 | O51: Točík Filip | Q51: PIC | S51: 1860 | T51: =IF($A51="","",IF(OR($S51="", $S51<=0, $L51=""),"",ROUND($L51*24*$S51,2))) -> 1240 | V51: =IF($A51="","",IF(OR(YEAR($A51)<2020,YEAR($A51)>2030),"Podezřelé datum",IF(OR($F51="",$G51=""),"Chybí letiště",IF(OR($H51="",$I51="",$J51="",$K51=""),"Chybí čas",IF(OR($H51>$I51,$I51>$J51,$J51>$K51),"Časy mimo pořadí",IF($M51>$L51,"Air > Block",IF(OR($S51="", $S51<=0),"Chybí sazba","OK"))))))) -> OK
A52: 44466 | B52: EASA | C52: OK-BIK | D52: P208 | E52: SEP | F52: LKSZ | G52: LKSZ | H52: 0.575 | I52: 0.57847222 | J52: 0.62152778 | K52: 0.625 | L52: =IF($A52="","",IF(AND(ISNUMBER($H52),ISNUMBER($K52)),MOD($K52-$H52,1),"")) -> 0.05 | M52: =IF($A52="","",IF(AND(ISNUMBER($I52),ISNUMBER($J52)),MOD($J52-$I52,1),"")) -> 0.043055556 | N52: 11 | O52: Točík Filip | P52: Doubek Petr | Q52: DUAL | R52: 12/13, 12/13E | S52: 2700 | T52: =IF($A52="","",IF(OR($S52="", $S52<=0, $L52=""),"",ROUND($L52*24*$S52,2))) -> 3240 | V52: =IF($A52="","",IF(OR(YEAR($A52)<2020,YEAR($A52)>2030),"Podezřelé datum",IF(OR($F52="",$G52=""),"Chybí letiště",IF(OR($H52="",$I52="",$J52="",$K52=""),"Chybí čas",IF(OR($H52>$I52,$I52>$J52,$J52>$K52),"Časy mimo pořadí",IF($M52>$L52,"Air > Block",IF(OR($S52="", $S52<=0),"Chybí sazba","OK"))))))) -> OK
A53: 44472 | B53: ULL | C53: OK-XAI04 | D53: Bristell | E53: ULL | F53: LKSZ | G53: LKSZ | H53: 0.54652778 | I53: 0.55 | J53: 0.59583333 | K53: 0.59930556 | L53: =IF($A53="","",IF(AND(ISNUMBER($H53),ISNUMBER($K53)),MOD($K53-$H53,1),"")) -> 0.052777778 | M53: =IF($A53="","",IF(AND(ISNUMBER($I53),ISNUMBER($J53)),MOD($J53-$I53,1),"")) -> 0.045833333 | N53: 2 | O53: Točík Filip | Q53: PIC | S53: 1860 | T53: =IF($A53="","",IF(OR($S53="", $S53<=0, $L53=""),"",ROUND($L53*24*$S53,2))) -> 2356 | V53: =IF($A53="","",IF(OR(YEAR($A53)<2020,YEAR($A53)>2030),"Podezřelé datum",IF(OR($F53="",$G53=""),"Chybí letiště",IF(OR($H53="",$I53="",$J53="",$K53=""),"Chybí čas",IF(OR($H53>$I53,$I53>$J53,$J53>$K53),"Časy mimo pořadí",IF($M53>$L53,"Air > Block",IF(OR($S53="", $S53<=0),"Chybí sazba","OK"))))))) -> OK
A54: 44477 | B54: EASA | C54: OK-BIK | D54: P208 | E54: SEP | F54: LKSZ | G54: LKSZ | H54: 0.52361111 | I54: 0.52708333 | J54: 0.54513889 | K54: 0.54861111 | L54: =IF($A54="","",IF(AND(ISNUMBER($H54),ISNUMBER($K54)),MOD($K54-$H54,1),"")) -> 0.025 | M54: =IF($A54="","",IF(AND(ISNUMBER($I54),ISNUMBER($J54)),MOD($J54-$I54,1),"")) -> 0.018055556 | N54: 7 | O54: Točík Filip | P54: Doubek Petr | Q54: DUAL | R54: 14/P, 14/K | S54: 2700 | T54: =IF($A54="","",IF(OR($S54="", $S54<=0, $L54=""),"",ROUND($L54*24*$S54,2))) -> 1620 | V54: =IF($A54="","",IF(OR(YEAR($A54)<2020,YEAR($A54)>2030),"Podezřelé datum",IF(OR($F54="",$G54=""),"Chybí letiště",IF(OR($H54="",$I54="",$J54="",$K54=""),"Chybí čas",IF(OR($H54>$I54,$I54>$J54,$J54>$K54),"Časy mimo pořadí",IF($M54>$L54,"Air > Block",IF(OR($S54="", $S54<=0),"Chybí sazba","OK"))))))) -> OK
A55: 44477 | B55: EASA | C55: OK-BIK | D55: P208 | E55: SEP | F55: LKSZ | G55: LKSZ | H55: 0.55902778 | I55: 0.55902778 | J55: 0.56527778 | K55: 0.56527778 | L55: =IF($A55="","",IF(AND(ISNUMBER($H55),ISNUMBER($K55)),MOD($K55-$H55,1),"")) -> 0.00625 | M55: =IF($A55="","",IF(AND(ISNUMBER($I55),ISNUMBER($J55)),MOD($J55-$I55,1),"")) -> 0.00625 | N55: 5 | O55: Točík Filip | Q55: PIC | R55: 14-1 | S55: 2700 | T55: =IF($A55="","",IF(OR($S55="", $S55<=0, $L55=""),"",ROUND($L55*24*$S55,2))) -> 405 | V55: =IF($A55="","",IF(OR(YEAR($A55)<2020,YEAR($A55)>2030),"Podezřelé datum",IF(OR($F55="",$G55=""),"Chybí letiště",IF(OR($H55="",$I55="",$J55="",$K55=""),"Chybí čas",IF(OR($H55>$I55,$I55>$J55,$J55>$K55),"Časy mimo pořadí",IF($M55>$L55,"Air > Block",IF(OR($S55="", $S55<=0),"Chybí sazba","OK"))))))) -> OK
A56: 44477 | B56: EASA | C56: OK-BIK | D56: P208 | E56: SEP | F56: LKSZ | G56: LKSZ | H56: 0.56527778 | I56: 0.56527778 | J56: 0.57152778 | K56: 0.57152778 | L56: =IF($A56="","",IF(AND(ISNUMBER($H56),ISNUMBER($K56)),MOD($K56-$H56,1),"")) -> 0.00625 | M56: =IF($A56="","",IF(AND(ISNUMBER($I56),ISNUMBER($J56)),MOD($J56-$I56,1),"")) -> 0.00625 | N56: 11 | O56: Točík Filip | Q56: PIC | R56: výcvik | S56: 2700 | T56: =IF($A56="","",IF(OR($S56="", $S56<=0, $L56=""),"",ROUND($L56*24*$S56,2))) -> 405 | V56: =IF($A56="","",IF(OR(YEAR($A56)<2020,YEAR($A56)>2030),"Podezřelé datum",IF(OR($F56="",$G56=""),"Chybí letiště",IF(OR($H56="",$I56="",$J56="",$K56=""),"Chybí čas",IF(OR($H56>$I56,$I56>$J56,$J56>$K56),"Časy mimo pořadí",IF($M56>$L56,"Air > Block",IF(OR($S56="", $S56<=0),"Chybí sazba","OK"))))))) -> OK
A57: 44485 | B57: EASA | C57: OK-IAF | D57: P208 | E57: SEP | F57: LKSZ | G57: LKSN | H57: 0.48888889 | I57: 0.49236111 | J57: 0.51041667 | K57: 0.51041667 | L57: =IF($A57="","",IF(AND(ISNUMBER($H57),ISNUMBER($K57)),MOD($K57-$H57,1),"")) -> 0.021527778 | M57: =IF($A57="","",IF(AND(ISNUMBER($I57),ISNUMBER($J57)),MOD($J57-$I57,1),"")) -> 0.018055556 | N57: 7 | O57: Točík Filip | P57: Doubek Petr | Q57: DUAL | R57: 15-1 | S57: 3060 | T57: =IF($A57="","",IF(OR($S57="", $S57<=0, $L57=""),"",ROUND($L57*24*$S57,2))) -> 1581 | V57: =IF($A57="","",IF(OR(YEAR($A57)<2020,YEAR($A57)>2030),"Podezřelé datum",IF(OR($F57="",$G57=""),"Chybí letiště",IF(OR($H57="",$I57="",$J57="",$K57=""),"Chybí čas",IF(OR($H57>$I57,$I57>$J57,$J57>$K57),"Časy mimo pořadí",IF($M57>$L57,"Air > Block",IF(OR($S57="", $S57<=0),"Chybí sazba","OK"))))))) -> OK
A58: 44485 | B58: EASA | C58: OK-IAF | D58: P208 | E58: SEP | F58: LKSN | G58: LKRK | H58: 0.51041667 | I58: 0.51041667 | J58: 0.53263889 | K58: 0.53263889 | L58: =IF($A58="","",IF(AND(ISNUMBER($H58),ISNUMBER($K58)),MOD($K58-$H58,1),"")) -> 0.022222222 | M58: =IF($A58="","",IF(AND(ISNUMBER($I58),ISNUMBER($J58)),MOD($J58-$I58,1),"")) -> 0.022222222 | N58: 1 | O58: Točík Filip | P58: Doubek Petr | Q58: DUAL | R58: 16 | S58: 3060 | T58: =IF($A58="","",IF(OR($S58="", $S58<=0, $L58=""),"",ROUND($L58*24*$S58,2))) -> 1632 | V58: =IF($A58="","",IF(OR(YEAR($A58)<2020,YEAR($A58)>2030),"Podezřelé datum",IF(OR($F58="",$G58=""),"Chybí letiště",IF(OR($H58="",$I58="",$J58="",$K58=""),"Chybí čas",IF(OR($H58>$I58,$I58>$J58,$J58>$K58),"Časy mimo pořadí",IF($M58>$L58,"Air > Block",IF(OR($S58="", $S58<=0),"Chybí sazba","OK"))))))) -> OK
A59: 44485 | B59: EASA | C59: OK-IAF | D59: P208 | E59: SEP | F59: LKRK | G59: LKSZ | H59: 0.53263889 | I59: 0.53263889 | J59: 0.5625 | K59: 0.56597222 | L59: =IF($A59="","",IF(AND(ISNUMBER($H59),ISNUMBER($K59)),MOD($K59-$H59,1),"")) -> 0.033333333 | M59: =IF($A59="","",IF(AND(ISNUMBER($I59),ISNUMBER($J59)),MOD($J59-$I59,1),"")) -> 0.029861111 | N59: 2 | O59: Točík Filip | P59: Doubek Petr | Q59: DUAL | R59: 17 | S59: 3060 | T59: =IF($A59="","",IF(OR($S59="", $S59<=0, $L59=""),"",ROUND($L59*24*$S59,2))) -> 2448 | V59: =IF($A59="","",IF(OR(YEAR($A59)<2020,YEAR($A59)>2030),"Podezřelé datum",IF(OR($F59="",$G59=""),"Chybí letiště",IF(OR($H59="",$I59="",$J59="",$K59=""),"Chybí čas",IF(OR($H59>$I59,$I59>$J59,$J59>$K59),"Časy mimo pořadí",IF($M59>$L59,"Air > Block",IF(OR($S59="", $S59<=0),"Chybí sazba","OK"))))))) -> OK
A60: 44493 | B60: ULL | C60: OK-XAI04 | D60: Bristell | E60: ULL | F60: LKSZ | G60: LOWZ | H60: 0.41666667 | I60: 0.42013889 | J60: 0.51597222 | K60: 0.51944444 | L60: =IF($A60="","",IF(AND(ISNUMBER($H60),ISNUMBER($K60)),MOD($K60-$H60,1),"")) -> 0.10277778 | M60: =IF($A60="","",IF(AND(ISNUMBER($I60),ISNUMBER($J60)),MOD($J60-$I60,1),"")) -> 0.095833333 | N60: 1 | O60: Točík Filip | Q60: PIC | R60: LKSZ-LOWZ | S60: 1860 | T60: =IF($A60="","",IF(OR($S60="", $S60<=0, $L60=""),"",ROUND($L60*24*$S60,2))) -> 4588 | V60: =IF($A60="","",IF(OR(YEAR($A60)<2020,YEAR($A60)>2030),"Podezřelé datum",IF(OR($F60="",$G60=""),"Chybí letiště",IF(OR($H60="",$I60="",$J60="",$K60=""),"Chybí čas",IF(OR($H60>$I60,$I60>$J60,$J60>$K60),"Časy mimo pořadí",IF($M60>$L60,"Air > Block",IF(OR($S60="", $S60<=0),"Chybí sazba","OK"))))))) -> OK
A61: 44494 | B61: ULL | C61: OK-XAI04 | D61: Bristell | E61: ULL | F61: LOWZ | G61: LKSZ | H61: 0.47916667 | I61: 0.48263889 | J61: 0.55763889 | K61: 0.56111111 | L61: =IF($A61="","",IF(AND(ISNUMBER($H61),ISNUMBER($K61)),MOD($K61-$H61,1),"")) -> 0.081944444 | M61: =IF($A61="","",IF(AND(ISNUMBER($I61),ISNUMBER($J61)),MOD($J61-$I61,1),"")) -> 0.075 | N61: 1 | O61: Točík Filip | Q61: PIC | R61: LOWZ-LKSZ | S61: 1860 | T61: =IF($A61="","",IF(OR($S61="", $S61<=0, $L61=""),"",ROUND($L61*24*$S61,2))) -> 3658 | V61: =IF($A61="","",IF(OR(YEAR($A61)<2020,YEAR($A61)>2030),"Podezřelé datum",IF(OR($F61="",$G61=""),"Chybí letiště",IF(OR($H61="",$I61="",$J61="",$K61=""),"Chybí čas",IF(OR($H61>$I61,$I61>$J61,$J61>$K61),"Časy mimo pořadí",IF($M61>$L61,"Air > Block",IF(OR($S61="", $S61<=0),"Chybí sazba","OK"))))))) -> OK
A62: 44497 | B62: ULL | C62: OK-XAI04 | D62: Bristell | E62: ULL | F62: LKSZ | G62: LKSZ | H62: 0.50902778 | I62: 0.5125 | J62: 0.57916667 | K62: 0.58263889 | L62: =IF($A62="","",IF(AND(ISNUMBER($H62),ISNUMBER($K62)),MOD($K62-$H62,1),"")) -> 0.073611111 | M62: =IF($A62="","",IF(AND(ISNUMBER($I62),ISNUMBER($J62)),MOD($J62-$I62,1),"")) -> 0.066666667 | N62: 3 | O62: Točík Filip | Q62: PIC | R62: LKSZ-LKMB-LKSZ | S62: 1860 | T62: =IF($A62="","",IF(OR($S62="", $S62<=0, $L62=""),"",ROUND($L62*24*$S62,2))) -> 3286 | V62: =IF($A62="","",IF(OR(YEAR($A62)<2020,YEAR($A62)>2030),"Podezřelé datum",IF(OR($F62="",$G62=""),"Chybí letiště",IF(OR($H62="",$I62="",$J62="",$K62=""),"Chybí čas",IF(OR($H62>$I62,$I62>$J62,$J62>$K62),"Časy mimo pořadí",IF($M62>$L62,"Air > Block",IF(OR($S62="", $S62<=0),"Chybí sazba","OK"))))))) -> OK
A63: 44533 | B63: ULL | C63: OK-XAI04 | D63: Bristell | E63: ULL | F63: LKSZ | G63: LKSZ | H63: 0.59444444 | I63: 0.59791667 | J63: 0.63541667 | K63: 0.63888889 | L63: =IF($A63="","",IF(AND(ISNUMBER($H63),ISNUMBER($K63)),MOD($K63-$H63,1),"")) -> 0.044444444 | M63: =IF($A63="","",IF(AND(ISNUMBER($I63),ISNUMBER($J63)),MOD($J63-$I63,1),"")) -> 0.0375 | N63: 2 | O63: Točík Filip | Q63: PIC | S63: 1860 | T63: =IF($A63="","",IF(OR($S63="", $S63<=0, $L63=""),"",ROUND($L63*24*$S63,2))) -> 1984 | V63: =IF($A63="","",IF(OR(YEAR($A63)<2020,YEAR($A63)>2030),"Podezřelé datum",IF(OR($F63="",$G63=""),"Chybí letiště",IF(OR($H63="",$I63="",$J63="",$K63=""),"Chybí čas",IF(OR($H63>$I63,$I63>$J63,$J63>$K63),"Časy mimo pořadí",IF($M63>$L63,"Air > Block",IF(OR($S63="", $S63<=0),"Chybí sazba","OK"))))))) -> OK
A64: 44535 | B64: ULL | C64: OK-XAI04 | D64: Bristell | E64: ULL | F64: LKSZ | G64: LKSZ | H64: 0.58055556 | I64: 0.58402778 | J64: 0.59652778 | K64: 0.6 | L64: =IF($A64="","",IF(AND(ISNUMBER($H64),ISNUMBER($K64)),MOD($K64-$H64,1),"")) -> 0.019444444 | M64: =IF($A64="","",IF(AND(ISNUMBER($I64),ISNUMBER($J64)),MOD($J64-$I64,1),"")) -> 0.0125 | N64: 2 | O64: Točík Filip | Q64: PIC | S64: 1860 | T64: =IF($A64="","",IF(OR($S64="", $S64<=0, $L64=""),"",ROUND($L64*24*$S64,2))) -> 868 | V64: =IF($A64="","",IF(OR(YEAR($A64)<2020,YEAR($A64)>2030),"Podezřelé datum",IF(OR($F64="",$G64=""),"Chybí letiště",IF(OR($H64="",$I64="",$J64="",$K64=""),"Chybí čas",IF(OR($H64>$I64,$I64>$J64,$J64>$K64),"Časy mimo pořadí",IF($M64>$L64,"Air > Block",IF(OR($S64="", $S64<=0),"Chybí sazba","OK"))))))) -> OK
A65: 44574 | B65: ULL | C65: OK-XAI04 | D65: Bristell | E65: ULL | F65: LKSZ | G65: LKSZ | H65: 0.45208333 | I65: 0.45555556 | J65: 0.49722222 | K65: 0.50069444 | L65: =IF($A65="","",IF(AND(ISNUMBER($H65),ISNUMBER($K65)),MOD($K65-$H65,1),"")) -> 0.048611111 | M65: =IF($A65="","",IF(AND(ISNUMBER($I65),ISNUMBER($J65)),MOD($J65-$I65,1),"")) -> 0.041666667 | N65: 2 | O65: Točík Filip | Q65: PIC | R65: LKSZ-LKBE-LKSZ | S65: 1860 | T65: =IF($A65="","",IF(OR($S65="", $S65<=0, $L65=""),"",ROUND($L65*24*$S65,2))) -> 2170 | V65: =IF($A65="","",IF(OR(YEAR($A65)<2020,YEAR($A65)>2030),"Podezřelé datum",IF(OR($F65="",$G65=""),"Chybí letiště",IF(OR($H65="",$I65="",$J65="",$K65=""),"Chybí čas",IF(OR($H65>$I65,$I65>$J65,$J65>$K65),"Časy mimo pořadí",IF($M65>$L65,"Air > Block",IF(OR($S65="", $S65<=0),"Chybí sazba","OK"))))))) -> OK
A66: 44583 | B66: ULL | C66: OK-XAI04 | D66: Bristell | E66: ULL | F66: LKSZ | G66: LKSZ | H66: 0.55625 | I66: 0.55972222 | J66: 0.57222222 | K66: 0.57569444 | L66: =IF($A66="","",IF(AND(ISNUMBER($H66),ISNUMBER($K66)),MOD($K66-$H66,1),"")) -> 0.019444444 | M66: =IF($A66="","",IF(AND(ISNUMBER($I66),ISNUMBER($J66)),MOD($J66-$I66,1),"")) -> 0.0125 | N66: 4 | O66: Točík Filip | Q66: PIC | S66: 1860 | T66: =IF($A66="","",IF(OR($S66="", $S66<=0, $L66=""),"",ROUND($L66*24*$S66,2))) -> 868 | V66: =IF($A66="","",IF(OR(YEAR($A66)<2020,YEAR($A66)>2030),"Podezřelé datum",IF(OR($F66="",$G66=""),"Chybí letiště",IF(OR($H66="",$I66="",$J66="",$K66=""),"Chybí čas",IF(OR($H66>$I66,$I66>$J66,$J66>$K66),"Časy mimo pořadí",IF($M66>$L66,"Air > Block",IF(OR($S66="", $S66<=0),"Chybí sazba","OK"))))))) -> OK
A67: 44619 | B67: EASA | C67: OK-IAF | D67: P208 | E67: SEP | F67: LKSZ | G67: LKCB | H67: 0.44513889 | I67: 0.45069444 | J67: 0.48263889 | K67: 0.48263889 | L67: =IF($A67="","",IF(AND(ISNUMBER($H67),ISNUMBER($K67)),MOD($K67-$H67,1),"")) -> 0.0375 | M67: =IF($A67="","",IF(AND(ISNUMBER($I67),ISNUMBER($J67)),MOD($J67-$I67,1),"")) -> 0.031944444 | N67: 2 | O67: Točík Filip | P67: Doubek Petr | Q67: DUAL | R67: 17 | S67: 3060 | T67: =IF($A67="","",IF(OR($S67="", $S67<=0, $L67=""),"",ROUND($L67*24*$S67,2))) -> 2754 | V67: =IF($A67="","",IF(OR(YEAR($A67)<2020,YEAR($A67)>2030),"Podezřelé datum",IF(OR($F67="",$G67=""),"Chybí letiště",IF(OR($H67="",$I67="",$J67="",$K67=""),"Chybí čas",IF(OR($H67>$I67,$I67>$J67,$J67>$K67),"Časy mimo pořadí",IF($M67>$L67,"Air > Block",IF(OR($S67="", $S67<=0),"Chybí sazba","OK"))))))) -> OK
A68: 44619 | B68: EASA | C68: OK-IAF | D68: P208 | E68: SEP | F68: LKCB | G68: LKSZ | H68: 0.48263889 | I68: 0.48263889 | J68: 0.58194444 | K68: 0.58541667 | L68: =IF($A68="","",IF(AND(ISNUMBER($H68),ISNUMBER($K68)),MOD($K68-$H68,1),"")) -> 0.10277778 | M68: =IF($A68="","",IF(AND(ISNUMBER($I68),ISNUMBER($J68)),MOD($J68-$I68,1),"")) -> 0.099305556 | N68: 4 | O68: Točík Filip | P68: Doubek Petr | Q68: DUAL | R68: 18A-1 | S68: 3060 | T68: =IF($A68="","",IF(OR($S68="", $S68<=0, $L68=""),"",ROUND($L68*24*$S68,2))) -> 7548 | V68: =IF($A68="","",IF(OR(YEAR($A68)<2020,YEAR($A68)>2030),"Podezřelé datum",IF(OR($F68="",$G68=""),"Chybí letiště",IF(OR($H68="",$I68="",$J68="",$K68=""),"Chybí čas",IF(OR($H68>$I68,$I68>$J68,$J68>$K68),"Časy mimo pořadí",IF($M68>$L68,"Air > Block",IF(OR($S68="", $S68<=0),"Chybí sazba","OK"))))))) -> OK
A69: 44623 | B69: ULL | C69: OK-XAI04 | D69: Bristell | E69: ULL | F69: LKSZ | G69: LKSZ | H69: 0.4125 | I69: 0.41597222 | J69: 0.57013889 | K69: 0.57361111 | L69: =IF($A69="","",IF(AND(ISNUMBER($H69),ISNUMBER($K69)),MOD($K69-$H69,1),"")) -> 0.16111111 | M69: =IF($A69="","",IF(AND(ISNUMBER($I69),ISNUMBER($J69)),MOD($J69-$I69,1),"")) -> 0.15416667 | N69: 4 | O69: Točík Filip | Q69: PIC | S69: 1860 | T69: =IF($A69="","",IF(OR($S69="", $S69<=0, $L69=""),"",ROUND($L69*24*$S69,2))) -> 7192 | V69: =IF($A69="","",IF(OR(YEAR($A69)<2020,YEAR($A69)>2030),"Podezřelé datum",IF(OR($F69="",$G69=""),"Chybí letiště",IF(OR($H69="",$I69="",$J69="",$K69=""),"Chybí čas",IF(OR($H69>$I69,$I69>$J69,$J69>$K69),"Časy mimo pořadí",IF($M69>$L69,"Air > Block",IF(OR($S69="", $S69<=0),"Chybí sazba","OK"))))))) -> OK
A70: 44680 | B70: ULL | C70: OK-UUR14 | D70: Bristell | E70: ULL | F70: LKSZ | G70: LKSZ | H70: 0.49652778 | I70: 0.5 | J70: 0.7625 | K70: 0.76597222 | L70: =IF($A70="","",IF(AND(ISNUMBER($H70),ISNUMBER($K70)),MOD($K70-$H70,1),"")) -> 0.26944444 | M70: =IF($A70="","",IF(AND(ISNUMBER($I70),ISNUMBER($J70)),MOD($J70-$I70,1),"")) -> 0.2625 | N70: 3 | O70: Točík Filip | Q70: PIC | R70: LKSZ-EDNY-LOWR-LKSZ | S70: 2250 | T70: =IF($A70="","",IF(OR($S70="", $S70<=0, $L70=""),"",ROUND($L70*24*$S70,2))) -> 14550 | V70: =IF($A70="","",IF(OR(YEAR($A70)<2020,YEAR($A70)>2030),"Podezřelé datum",IF(OR($F70="",$G70=""),"Chybí letiště",IF(OR($H70="",$I70="",$J70="",$K70=""),"Chybí čas",IF(OR($H70>$I70,$I70>$J70,$J70>$K70),"Časy mimo pořadí",IF($M70>$L70,"Air > Block",IF(OR($S70="", $S70<=0),"Chybí sazba","OK"))))))) -> OK
A71: 44690 | B71: ULL | C71: OK-UUR14 | D71: Bristell | E71: ULL | F71: LKSZ | G71: LKSZ | H71: 0.52222222 | I71: 0.52569444 | J71: 0.55486111 | K71: 0.55833333 | L71: =IF($A71="","",IF(AND(ISNUMBER($H71),ISNUMBER($K71)),MOD($K71-$H71,1),"")) -> 0.036111111 | M71: =IF($A71="","",IF(AND(ISNUMBER($I71),ISNUMBER($J71)),MOD($J71-$I71,1),"")) -> 0.029166667 | N71: 3 | O71: Točík Filip | Q71: PIC | S71: 2250 | T71: =IF($A71="","",IF(OR($S71="", $S71<=0, $L71=""),"",ROUND($L71*24*$S71,2))) -> 1950 | V71: =IF($A71="","",IF(OR(YEAR($A71)<2020,YEAR($A71)>2030),"Podezřelé datum",IF(OR($F71="",$G71=""),"Chybí letiště",IF(OR($H71="",$I71="",$J71="",$K71=""),"Chybí čas",IF(OR($H71>$I71,$I71>$J71,$J71>$K71),"Časy mimo pořadí",IF($M71>$L71,"Air > Block",IF(OR($S71="", $S71<=0),"Chybí sazba","OK"))))))) -> OK
A72: 44694 | B72: ULL | C72: OK-UUR14 | D72: Bristell | E72: ULL | F72: LKSZ | G72: LKSZ | H72: 0.54305556 | I72: 0.54652778 | J72: 0.59236111 | K72: 0.59583333 | L72: =IF($A72="","",IF(AND(ISNUMBER($H72),ISNUMBER($K72)),MOD($K72-$H72,1),"")) -> 0.052777778 | M72: =IF($A72="","",IF(AND(ISNUMBER($I72),ISNUMBER($J72)),MOD($J72-$I72,1),"")) -> 0.045833333 | N72: 2 | O72: Točík Filip | Q72: PIC | S72: 2250 | T72: =IF($A72="","",IF(OR($S72="", $S72<=0, $L72=""),"",ROUND($L72*24*$S72,2))) -> 2850 | V72: =IF($A72="","",IF(OR(YEAR($A72)<2020,YEAR($A72)>2030),"Podezřelé datum",IF(OR($F72="",$G72=""),"Chybí letiště",IF(OR($H72="",$I72="",$J72="",$K72=""),"Chybí čas",IF(OR($H72>$I72,$I72>$J72,$J72>$K72),"Časy mimo pořadí",IF($M72>$L72,"Air > Block",IF(OR($S72="", $S72<=0),"Chybí sazba","OK"))))))) -> OK
A73: 44704 | B73: ULL | C73: OK-UUR14 | D73: Bristell | E73: ULL | F73: LKSZ | G73: LKSZ | H73: 0.61458333 | I73: 0.61805556 | J73: 0.70555556 | K73: 0.70902778 | L73: =IF($A73="","",IF(AND(ISNUMBER($H73),ISNUMBER($K73)),MOD($K73-$H73,1),"")) -> 0.094444444 | M73: =IF($A73="","",IF(AND(ISNUMBER($I73),ISNUMBER($J73)),MOD($J73-$I73,1),"")) -> 0.0875 | N73: 3 | O73: Točík Filip | Q73: PIC | R73: LKSZ-LKNM-LKSZ | S73: 2250 | T73: =IF($A73="","",IF(OR($S73="", $S73<=0, $L73=""),"",ROUND($L73*24*$S73,2))) -> 5100 | V73: =IF($A73="","",IF(OR(YEAR($A73)<2020,YEAR($A73)>2030),"Podezřelé datum",IF(OR($F73="",$G73=""),"Chybí letiště",IF(OR($H73="",$I73="",$J73="",$K73=""),"Chybí čas",IF(OR($H73>$I73,$I73>$J73,$J73>$K73),"Časy mimo pořadí",IF($M73>$L73,"Air > Block",IF(OR($S73="", $S73<=0),"Chybí sazba","OK"))))))) -> OK
A74: 44725 | B74: ULL | C74: OK-UUR14 | D74: Bristell | E74: ULL | F74: LKSZ | G74: LKSZ | H74: 0.72222222 | I74: 0.72569444 | J74: 0.80069444 | K74: 0.80416667 | L74: =IF($A74="","",IF(AND(ISNUMBER($H74),ISNUMBER($K74)),MOD($K74-$H74,1),"")) -> 0.081944444 | M74: =IF($A74="","",IF(AND(ISNUMBER($I74),ISNUMBER($J74)),MOD($J74-$I74,1),"")) -> 0.075 | N74: 3 | O74: Točík Filip | Q74: PIC | R74: LKSZ-LKLOCH-LKSZ | S74: 2250 | T74: =IF($A74="","",IF(OR($S74="", $S74<=0, $L74=""),"",ROUND($L74*24*$S74,2))) -> 4425 | V74: =IF($A74="","",IF(OR(YEAR($A74)<2020,YEAR($A74)>2030),"Podezřelé datum",IF(OR($F74="",$G74=""),"Chybí letiště",IF(OR($H74="",$I74="",$J74="",$K74=""),"Chybí čas",IF(OR($H74>$I74,$I74>$J74,$J74>$K74),"Časy mimo pořadí",IF($M74>$L74,"Air > Block",IF(OR($S74="", $S74<=0),"Chybí sazba","OK"))))))) -> OK
A75: 44738 | B75: ULL | C75: OK-UUR14 | D75: Bristell | E75: ULL | F75: LKSZ | G75: LKSZ | H75: 0.68055556 | I75: 0.68402778 | J75: 0.70902778 | K75: 0.7125 | L75: =IF($A75="","",IF(AND(ISNUMBER($H75),ISNUMBER($K75)),MOD($K75-$H75,1),"")) -> 0.031944444 | M75: =IF($A75="","",IF(AND(ISNUMBER($I75),ISNUMBER($J75)),MOD($J75-$I75,1),"")) -> 0.025 | N75: 2 | O75: Točík Filip | Q75: PIC | S75: 2250 | T75: =IF($A75="","",IF(OR($S75="", $S75<=0, $L75=""),"",ROUND($L75*24*$S75,2))) -> 1725 | V75: =IF($A75="","",IF(OR(YEAR($A75)<2020,YEAR($A75)>2030),"Podezřelé datum",IF(OR($F75="",$G75=""),"Chybí letiště",IF(OR($H75="",$I75="",$J75="",$K75=""),"Chybí čas",IF(OR($H75>$I75,$I75>$J75,$J75>$K75),"Časy mimo pořadí",IF($M75>$L75,"Air > Block",IF(OR($S75="", $S75<=0),"Chybí sazba","OK"))))))) -> OK
A76: 44742 | B76: ULL | C76: OK-UUR14 | D76: Bristell | E76: ULL | F76: LKSZ | G76: LKSZ | H76: 0.47361111 | I76: 0.47708333 | J76: 0.61458333 | K76: 0.61805556 | L76: =IF($A76="","",IF(AND(ISNUMBER($H76),ISNUMBER($K76)),MOD($K76-$H76,1),"")) -> 0.14444444 | M76: =IF($A76="","",IF(AND(ISNUMBER($I76),ISNUMBER($J76)),MOD($J76-$I76,1),"")) -> 0.1375 | N76: 7 | O76: Točík Filip | Q76: PIC | S76: 2250 | T76: =IF($A76="","",IF(OR($S76="", $S76<=0, $L76=""),"",ROUND($L76*24*$S76,2))) -> 7800 | V76: =IF($A76="","",IF(OR(YEAR($A76)<2020,YEAR($A76)>2030),"Podezřelé datum",IF(OR($F76="",$G76=""),"Chybí letiště",IF(OR($H76="",$I76="",$J76="",$K76=""),"Chybí čas",IF(OR($H76>$I76,$I76>$J76,$J76>$K76),"Časy mimo pořadí",IF($M76>$L76,"Air > Block",IF(OR($S76="", $S76<=0),"Chybí sazba","OK"))))))) -> OK
A77: 44744 | B77: ULL | C77: OK-UUR14 | D77: Bristell | E77: ULL | F77: LKSZ | G77: LKSZ | H77: 0.75694444 | I77: 0.76041667 | J77: 0.79375 | K77: 0.79722222 | L77: =IF($A77="","",IF(AND(ISNUMBER($H77),ISNUMBER($K77)),MOD($K77-$H77,1),"")) -> 0.040277778 | M77: =IF($A77="","",IF(AND(ISNUMBER($I77),ISNUMBER($J77)),MOD($J77-$I77,1),"")) -> 0.033333333 | N77: 5 | O77: Točík Filip | Q77: PIC | S77: 2250 | T77: =IF($A77="","",IF(OR($S77="", $S77<=0, $L77=""),"",ROUND($L77*24*$S77,2))) -> 2175 | V77: =IF($A77="","",IF(OR(YEAR($A77)<2020,YEAR($A77)>2030),"Podezřelé datum",IF(OR($F77="",$G77=""),"Chybí letiště",IF(OR($H77="",$I77="",$J77="",$K77=""),"Chybí čas",IF(OR($H77>$I77,$I77>$J77,$J77>$K77),"Časy mimo pořadí",IF($M77>$L77,"Air > Block",IF(OR($S77="", $S77<=0),"Chybí sazba","OK"))))))) -> OK
A78: 44753 | B78: ULL | C78: OK-UUR14 | D78: Bristell | E78: ULL | F78: LKSZ | G78: LKSZ | H78: 0.54583333 | I78: 0.54930556 | J78: 0.59097222 | K78: 0.59444444 | L78: =IF($A78="","",IF(AND(ISNUMBER($H78),ISNUMBER($K78)),MOD($K78-$H78,1),"")) -> 0.048611111 | M78: =IF($A78="","",IF(AND(ISNUMBER($I78),ISNUMBER($J78)),MOD($J78-$I78,1),"")) -> 0.041666667 | N78: 2 | O78: Točík Filip | Q78: PIC | S78: 2250 | T78: =IF($A78="","",IF(OR($S78="", $S78<=0, $L78=""),"",ROUND($L78*24*$S78,2))) -> 2625 | V78: =IF($A78="","",IF(OR(YEAR($A78)<2020,YEAR($A78)>2030),"Podezřelé datum",IF(OR($F78="",$G78=""),"Chybí letiště",IF(OR($H78="",$I78="",$J78="",$K78=""),"Chybí čas",IF(OR($H78>$I78,$I78>$J78,$J78>$K78),"Časy mimo pořadí",IF($M78>$L78,"Air > Block",IF(OR($S78="", $S78<=0),"Chybí sazba","OK"))))))) -> OK
A79: 44767 | B79: ULL | C79: OK-UUR14 | D79: Bristell | E79: ULL | F79: LKSZ | G79: LKSZ | H79: 0.7375 | I79: 0.74097222 | J79: 0.77430556 | K79: 0.77777778 | L79: =IF($A79="","",IF(AND(ISNUMBER($H79),ISNUMBER($K79)),MOD($K79-$H79,1),"")) -> 0.040277778 | M79: =IF($A79="","",IF(AND(ISNUMBER($I79),ISNUMBER($J79)),MOD($J79-$I79,1),"")) -> 0.033333333 | N79: 2 | O79: Točík Filip | Q79: PIC | S79: 2250 | T79: =IF($A79="","",IF(OR($S79="", $S79<=0, $L79=""),"",ROUND($L79*24*$S79,2))) -> 2175 | V79: =IF($A79="","",IF(OR(YEAR($A79)<2020,YEAR($A79)>2030),"Podezřelé datum",IF(OR($F79="",$G79=""),"Chybí letiště",IF(OR($H79="",$I79="",$J79="",$K79=""),"Chybí čas",IF(OR($H79>$I79,$I79>$J79,$J79>$K79),"Časy mimo pořadí",IF($M79>$L79,"Air > Block",IF(OR($S79="", $S79<=0),"Chybí sazba","OK"))))))) -> OK
A80: 44787 | B80: ULL | C80: OK-UUR14 | D80: Bristell | E80: ULL | F80: LKSZ | G80: LKSZ | H80: 0.30208333 | I80: 0.30555556 | J80: 0.38055556 | K80: 0.38402778 | L80: =IF($A80="","",IF(AND(ISNUMBER($H80),ISNUMBER($K80)),MOD($K80-$H80,1),"")) -> 0.081944444 | M80: =IF($A80="","",IF(AND(ISNUMBER($I80),ISNUMBER($J80)),MOD($J80-$I80,1),"")) -> 0.075 | N80: 3 | O80: Točík Filip | Q80: PIC | S80: 2250 | T80: =IF($A80="","",IF(OR($S80="", $S80<=0, $L80=""),"",ROUND($L80*24*$S80,2))) -> 4425 | V80: =IF($A80="","",IF(OR(YEAR($A80)<2020,YEAR($A80)>2030),"Podezřelé datum",IF(OR($F80="",$G80=""),"Chybí letiště",IF(OR($H80="",$I80="",$J80="",$K80=""),"Chybí čas",IF(OR($H80>$I80,$I80>$J80,$J80>$K80),"Časy mimo pořadí",IF($M80>$L80,"Air > Block",IF(OR($S80="", $S80<=0),"Chybí sazba","OK"))))))) -> OK
A81: 44803 | B81: ULL | C81: OK-UUR14 | D81: Bristell | E81: ULL | F81: LKSZ | G81: LKSZ | H81: 0.33541667 | I81: 0.33888889 | J81: 0.41805556 | K81: 0.42152778 | L81: =IF($A81="","",IF(AND(ISNUMBER($H81),ISNUMBER($K81)),MOD($K81-$H81,1),"")) -> 0.086111111 | M81: =IF($A81="","",IF(AND(ISNUMBER($I81),ISNUMBER($J81)),MOD($J81-$I81,1),"")) -> 0.079166667 | N81: 3 | O81: Točík Filip | Q81: PIC | S81: 2250 | T81: =IF($A81="","",IF(OR($S81="", $S81<=0, $L81=""),"",ROUND($L81*24*$S81,2))) -> 4650 | V81: =IF($A81="","",IF(OR(YEAR($A81)<2020,YEAR($A81)>2030),"Podezřelé datum",IF(OR($F81="",$G81=""),"Chybí letiště",IF(OR($H81="",$I81="",$J81="",$K81=""),"Chybí čas",IF(OR($H81>$I81,$I81>$J81,$J81>$K81),"Časy mimo pořadí",IF($M81>$L81,"Air > Block",IF(OR($S81="", $S81<=0),"Chybí sazba","OK"))))))) -> OK
A82: 44816 | B82: ULL | C82: OK-UUR14 | D82: Bristell | E82: ULL | F82: LKSZ | G82: LJBO | H82: 0.32847222 | I82: 0.33194444 | J82: 0.44027778 | K82: 0.44375 | L82: =IF($A82="","",IF(AND(ISNUMBER($H82),ISNUMBER($K82)),MOD($K82-$H82,1),"")) -> 0.11527778 | M82: =IF($A82="","",IF(AND(ISNUMBER($I82),ISNUMBER($J82)),MOD($J82-$I82,1),"")) -> 0.10833333 | N82: 1 | O82: Točík Filip | Q82: PIC | R82: LKSZ-LJBO | S82: 2250 | T82: =IF($A82="","",IF(OR($S82="", $S82<=0, $L82=""),"",ROUND($L82*24*$S82,2))) -> 6225 | V82: =IF($A82="","",IF(OR(YEAR($A82)<2020,YEAR($A82)>2030),"Podezřelé datum",IF(OR($F82="",$G82=""),"Chybí letiště",IF(OR($H82="",$I82="",$J82="",$K82=""),"Chybí čas",IF(OR($H82>$I82,$I82>$J82,$J82>$K82),"Časy mimo pořadí",IF($M82>$L82,"Air > Block",IF(OR($S82="", $S82<=0),"Chybí sazba","OK"))))))) -> OK
A83: 44817 | B83: ULL | C83: OK-UUR14 | D83: Bristell | E83: ULL | F83: LJBO | G83: LKSZ | H83: 0.44305556 | I83: 0.44652778 | J83: 0.56319444 | K83: 0.56666667 | L83: =IF($A83="","",IF(AND(ISNUMBER($H83),ISNUMBER($K83)),MOD($K83-$H83,1),"")) -> 0.12361111 | M83: =IF($A83="","",IF(AND(ISNUMBER($I83),ISNUMBER($J83)),MOD($J83-$I83,1),"")) -> 0.11666667 | N83: 1 | O83: Točík Filip | Q83: PIC | R83: LJBO-LKSZ | S83: 2250 | T83: =IF($A83="","",IF(OR($S83="", $S83<=0, $L83=""),"",ROUND($L83*24*$S83,2))) -> 6675 | V83: =IF($A83="","",IF(OR(YEAR($A83)<2020,YEAR($A83)>2030),"Podezřelé datum",IF(OR($F83="",$G83=""),"Chybí letiště",IF(OR($H83="",$I83="",$J83="",$K83=""),"Chybí čas",IF(OR($H83>$I83,$I83>$J83,$J83>$K83),"Časy mimo pořadí",IF($M83>$L83,"Air > Block",IF(OR($S83="", $S83<=0),"Chybí sazba","OK"))))))) -> OK
A84: 44828 | B84: ULL | C84: OK-UUR14 | D84: Bristell | E84: ULL | F84: LKSZ | G84: LKSZ | H84: 0.45902778 | I84: 0.4625 | J84: 0.48333333 | K84: 0.48680556 | L84: =IF($A84="","",IF(AND(ISNUMBER($H84),ISNUMBER($K84)),MOD($K84-$H84,1),"")) -> 0.027777778 | M84: =IF($A84="","",IF(AND(ISNUMBER($I84),ISNUMBER($J84)),MOD($J84-$I84,1),"")) -> 0.020833333 | N84: 1 | O84: Točík Filip | Q84: PIC | S84: 2250 | T84: =IF($A84="","",IF(OR($S84="", $S84<=0, $L84=""),"",ROUND($L84*24*$S84,2))) -> 1500 | V84: =IF($A84="","",IF(OR(YEAR($A84)<2020,YEAR($A84)>2030),"Podezřelé datum",IF(OR($F84="",$G84=""),"Chybí letiště",IF(OR($H84="",$I84="",$J84="",$K84=""),"Chybí čas",IF(OR($H84>$I84,$I84>$J84,$J84>$K84),"Časy mimo pořadí",IF($M84>$L84,"Air > Block",IF(OR($S84="", $S84<=0),"Chybí sazba","OK"))))))) -> OK
A85: 44843 | B85: EASA | C85: OK-IAF | D85: P208 | E85: SEP | F85: LKSZ | G85: LKSZ | H85: 0.38541667 | I85: 0.38888889 | J85: 0.40972222 | K85: 0.41319444 | L85: =IF($A85="","",IF(AND(ISNUMBER($H85),ISNUMBER($K85)),MOD($K85-$H85,1),"")) -> 0.027777778 | M85: =IF($A85="","",IF(AND(ISNUMBER($I85),ISNUMBER($J85)),MOD($J85-$I85,1),"")) -> 0.020833333 | N85: 6 | O85: Točík Filip | P85: Doubek Petr | Q85: DUAL | R85: výcvik | S85: 3060 | T85: =IF($A85="","",IF(OR($S85="", $S85<=0, $L85=""),"",ROUND($L85*24*$S85,2))) -> 2040 | V85: =IF($A85="","",IF(OR(YEAR($A85)<2020,YEAR($A85)>2030),"Podezřelé datum",IF(OR($F85="",$G85=""),"Chybí letiště",IF(OR($H85="",$I85="",$J85="",$K85=""),"Chybí čas",IF(OR($H85>$I85,$I85>$J85,$J85>$K85),"Časy mimo pořadí",IF($M85>$L85,"Air > Block",IF(OR($S85="", $S85<=0),"Chybí sazba","OK"))))))) -> OK
A86: 44843 | B86: EASA | C86: OK-IAF | D86: P208 | E86: SEP | F86: LKSZ | G86: LKSZ | H86: 0.42361111 | I86: 0.42708333 | J86: 0.46180556 | K86: 0.46527778 | L86: =IF($A86="","",IF(AND(ISNUMBER($H86),ISNUMBER($K86)),MOD($K86-$H86,1),"")) -> 0.041666667 | M86: =IF($A86="","",IF(AND(ISNUMBER($I86),ISNUMBER($J86)),MOD($J86-$I86,1),"")) -> 0.034722222 | N86: 7 | O86: Točík Filip | P86: Doubek Petr | Q86: DUAL | R86: výcvik | S86: 3060 | T86: =IF($A86="","",IF(OR($S86="", $S86<=0, $L86=""),"",ROUND($L86*24*$S86,2))) -> 3060 | V86: =IF($A86="","",IF(OR(YEAR($A86)<2020,YEAR($A86)>2030),"Podezřelé datum",IF(OR($F86="",$G86=""),"Chybí letiště",IF(OR($H86="",$I86="",$J86="",$K86=""),"Chybí čas",IF(OR($H86>$I86,$I86>$J86,$J86>$K86),"Časy mimo pořadí",IF($M86>$L86,"Air > Block",IF(OR($S86="", $S86<=0),"Chybí sazba","OK"))))))) -> OK
A87: 44843 | B87: EASA | C87: OK-IAF | D87: P208 | E87: SEP | F87: LKSZ | G87: LKSZ | H87: 0.52777778 | I87: 0.53125 | J87: 0.58333333 | K87: 0.58680556 | L87: =IF($A87="","",IF(AND(ISNUMBER($H87),ISNUMBER($K87)),MOD($K87-$H87,1),"")) -> 0.059027778 | M87: =IF($A87="","",IF(AND(ISNUMBER($I87),ISNUMBER($J87)),MOD($J87-$I87,1),"")) -> 0.052083333 | N87: 2 | O87: Točík Filip | P87: Doubek Petr | Q87: DUAL | R87: výcvik | S87: 3060 | T87: =IF($A87="","",IF(OR($S87="", $S87<=0, $L87=""),"",ROUND($L87*24*$S87,2))) -> 4335 | V87: =IF($A87="","",IF(OR(YEAR($A87)<2020,YEAR($A87)>2030),"Podezřelé datum",IF(OR($F87="",$G87=""),"Chybí letiště",IF(OR($H87="",$I87="",$J87="",$K87=""),"Chybí čas",IF(OR($H87>$I87,$I87>$J87,$J87>$K87),"Časy mimo pořadí",IF($M87>$L87,"Air > Block",IF(OR($S87="", $S87<=0),"Chybí sazba","OK"))))))) -> OK
A88: 44843 | B88: EASA | C88: OK-IAF | D88: P208 | E88: SEP | F88: LKSZ | G88: LKSZ | H88: 0.59375 | I88: 0.59722222 | J88: 0.67708333 | K88: 0.68055556 | L88: =IF($A88="","",IF(AND(ISNUMBER($H88),ISNUMBER($K88)),MOD($K88-$H88,1),"")) -> 0.086805556 | M88: =IF($A88="","",IF(AND(ISNUMBER($I88),ISNUMBER($J88)),MOD($J88-$I88,1),"")) -> 0.079861111 | N88: 2 | O88: Točík Filip | Q88: PIC | R88: výcvik | S88: 3060 | T88: =IF($A88="","",IF(OR($S88="", $S88<=0, $L88=""),"",ROUND($L88*24*$S88,2))) -> 6375 | V88: =IF($A88="","",IF(OR(YEAR($A88)<2020,YEAR($A88)>2030),"Podezřelé datum",IF(OR($F88="",$G88=""),"Chybí letiště",IF(OR($H88="",$I88="",$J88="",$K88=""),"Chybí čas",IF(OR($H88>$I88,$I88>$J88,$J88>$K88),"Časy mimo pořadí",IF($M88>$L88,"Air > Block",IF(OR($S88="", $S88<=0),"Chybí sazba","OK"))))))) -> OK
A89: 44874 | B89: ULL | C89: OK-UUR14 | D89: Bristell | E89: ULL | F89: LKSZ | G89: LKSZ | H89: 0.61527778 | I89: 0.62569444 | J89: 0.65902778 | K89: 0.6625 | L89: =IF($A89="","",IF(AND(ISNUMBER($H89),ISNUMBER($K89)),MOD($K89-$H89,1),"")) -> 0.047222222 | M89: =IF($A89="","",IF(AND(ISNUMBER($I89),ISNUMBER($J89)),MOD($J89-$I89,1),"")) -> 0.033333333 | N89: 10 | O89: Točík Filip | Q89: PIC | S89: 2250 | T89: =IF($A89="","",IF(OR($S89="", $S89<=0, $L89=""),"",ROUND($L89*24*$S89,2))) -> 2550 | V89: =IF($A89="","",IF(OR(YEAR($A89)<2020,YEAR($A89)>2030),"Podezřelé datum",IF(OR($F89="",$G89=""),"Chybí letiště",IF(OR($H89="",$I89="",$J89="",$K89=""),"Chybí čas",IF(OR($H89>$I89,$I89>$J89,$J89>$K89),"Časy mimo pořadí",IF($M89>$L89,"Air > Block",IF(OR($S89="", $S89<=0),"Chybí sazba","OK"))))))) -> OK
A90: 44908 | B90: ULL | C90: OK-UUR14 | D90: Bristell | E90: ULL | F90: LKSZ | G90: LKSZ | H90: 0.52430556 | I90: 0.52777778 | J90: 0.59861111 | K90: 0.60208333 | L90: =IF($A90="","",IF(AND(ISNUMBER($H90),ISNUMBER($K90)),MOD($K90-$H90,1),"")) -> 0.077777778 | M90: =IF($A90="","",IF(AND(ISNUMBER($I90),ISNUMBER($J90)),MOD($J90-$I90,1),"")) -> 0.070833333 | N90: 5 | O90: Točík Filip | Q90: PIC | S90: 2250 | T90: =IF($A90="","",IF(OR($S90="", $S90<=0, $L90=""),"",ROUND($L90*24*$S90,2))) -> 4200 | V90: =IF($A90="","",IF(OR(YEAR($A90)<2020,YEAR($A90)>2030),"Podezřelé datum",IF(OR($F90="",$G90=""),"Chybí letiště",IF(OR($H90="",$I90="",$J90="",$K90=""),"Chybí čas",IF(OR($H90>$I90,$I90>$J90,$J90>$K90),"Časy mimo pořadí",IF($M90>$L90,"Air > Block",IF(OR($S90="", $S90<=0),"Chybí sazba","OK"))))))) -> OK
A91: 45003 | B91: ULL | C91: OK-UUR14 | D91: Bristell | E91: ULL | F91: LKSZ | G91: LKSZ | H91: 0.40277778 | I91: 0.40625 | J91: 0.44791667 | K91: 0.45138889 | L91: =IF($A91="","",IF(AND(ISNUMBER($H91),ISNUMBER($K91)),MOD($K91-$H91,1),"")) -> 0.048611111 | M91: =IF($A91="","",IF(AND(ISNUMBER($I91),ISNUMBER($J91)),MOD($J91-$I91,1),"")) -> 0.041666667 | N91: 8 | O91: Točík Filip | P91: Šindelář Petr | Q91: DUAL | S91: 2250 | T91: =IF($A91="","",IF(OR($S91="", $S91<=0, $L91=""),"",ROUND($L91*24*$S91,2))) -> 2625 | V91: =IF($A91="","",IF(OR(YEAR($A91)<2020,YEAR($A91)>2030),"Podezřelé datum",IF(OR($F91="",$G91=""),"Chybí letiště",IF(OR($H91="",$I91="",$J91="",$K91=""),"Chybí čas",IF(OR($H91>$I91,$I91>$J91,$J91>$K91),"Časy mimo pořadí",IF($M91>$L91,"Air > Block",IF(OR($S91="", $S91<=0),"Chybí sazba","OK"))))))) -> OK
A92: 45007 | B92: ULL | C92: OK-UUR14 | D92: Bristell | E92: ULL | F92: LKSZ | G92: LKSZ | H92: 0.35347222 | I92: 0.35694444 | J92: 0.41111111 | K92: 0.41458333 | L92: =IF($A92="","",IF(AND(ISNUMBER($H92),ISNUMBER($K92)),MOD($K92-$H92,1),"")) -> 0.061111111 | M92: =IF($A92="","",IF(AND(ISNUMBER($I92),ISNUMBER($J92)),MOD($J92-$I92,1),"")) -> 0.054166667 | N92: 5 | O92: Točík Filip | Q92: PIC | S92: 2250 | T92: =IF($A92="","",IF(OR($S92="", $S92<=0, $L92=""),"",ROUND($L92*24*$S92,2))) -> 3300 | V92: =IF($A92="","",IF(OR(YEAR($A92)<2020,YEAR($A92)>2030),"Podezřelé datum",IF(OR($F92="",$G92=""),"Chybí letiště",IF(OR($H92="",$I92="",$J92="",$K92=""),"Chybí čas",IF(OR($H92>$I92,$I92>$J92,$J92>$K92),"Časy mimo pořadí",IF($M92>$L92,"Air > Block",IF(OR($S92="", $S92<=0),"Chybí sazba","OK"))))))) -> OK
A93: 45021 | B93: EASA | C93: OK-IAF | D93: P208 | E93: SEP | F93: LKSZ | G93: LKSZ | H93: 0.69513889 | I93: 0.69861111 | J93: 0.70694444 | K93: 0.71041667 | L93: =IF($A93="","",IF(AND(ISNUMBER($H93),ISNUMBER($K93)),MOD($K93-$H93,1),"")) -> 0.015277778 | M93: =IF($A93="","",IF(AND(ISNUMBER($I93),ISNUMBER($J93)),MOD($J93-$I93,1),"")) -> 0.0083333333 | N93: 3 | O93: Točík Filip | P93: Doubek Petr | Q93: DUAL | R93: 18a-2 | S93: 3060 | T93: =IF($A93="","",IF(OR($S93="", $S93<=0, $L93=""),"",ROUND($L93*24*$S93,2))) -> 1122 | V93: =IF($A93="","",IF(OR(YEAR($A93)<2020,YEAR($A93)>2030),"Podezřelé datum",IF(OR($F93="",$G93=""),"Chybí letiště",IF(OR($H93="",$I93="",$J93="",$K93=""),"Chybí čas",IF(OR($H93>$I93,$I93>$J93,$J93>$K93),"Časy mimo pořadí",IF($M93>$L93,"Air > Block",IF(OR($S93="", $S93<=0),"Chybí sazba","OK"))))))) -> OK
A94: 45021 | B94: EASA | C94: OK-IAF | D94: P208 | E94: SEP | F94: LKSZ | G94: LKSZ | H94: 0.71041667 | I94: 0.71041667 | J94: 0.74861111 | K94: 0.75208333 | L94: =IF($A94="","",IF(AND(ISNUMBER($H94),ISNUMBER($K94)),MOD($K94-$H94,1),"")) -> 0.041666667 | M94: =IF($A94="","",IF(AND(ISNUMBER($I94),ISNUMBER($J94)),MOD($J94-$I94,1),"")) -> 0.038194444 | N94: 1 | O94: Točík Filip | Q94: PIC | R94: 18a-3 | S94: 3060 | T94: =IF($A94="","",IF(OR($S94="", $S94<=0, $L94=""),"",ROUND($L94*24*$S94,2))) -> 3060 | V94: =IF($A94="","",IF(OR(YEAR($A94)<2020,YEAR($A94)>2030),"Podezřelé datum",IF(OR($F94="",$G94=""),"Chybí letiště",IF(OR($H94="",$I94="",$J94="",$K94=""),"Chybí čas",IF(OR($H94>$I94,$I94>$J94,$J94>$K94),"Časy mimo pořadí",IF($M94>$L94,"Air > Block",IF(OR($S94="", $S94<=0),"Chybí sazba","OK"))))))) -> OK
A95: 45022 | B95: ULL | C95: OK-UUR14 | D95: Bristell | E95: ULL | F95: LKSZ | G95: LKSZ | H95: 0.62777778 | I95: 0.63125 | J95: 0.66041667 | K95: 0.66388889 | L95: =IF($A95="","",IF(AND(ISNUMBER($H95),ISNUMBER($K95)),MOD($K95-$H95,1),"")) -> 0.036111111 | M95: =IF($A95="","",IF(AND(ISNUMBER($I95),ISNUMBER($J95)),MOD($J95-$I95,1),"")) -> 0.029166667 | N95: 1 | O95: Točík Filip | Q95: PIC | S95: 2250 | T95: =IF($A95="","",IF(OR($S95="", $S95<=0, $L95=""),"",ROUND($L95*24*$S95,2))) -> 1950 | V95: =IF($A95="","",IF(OR(YEAR($A95)<2020,YEAR($A95)>2030),"Podezřelé datum",IF(OR($F95="",$G95=""),"Chybí letiště",IF(OR($H95="",$I95="",$J95="",$K95=""),"Chybí čas",IF(OR($H95>$I95,$I95>$J95,$J95>$K95),"Časy mimo pořadí",IF($M95>$L95,"Air > Block",IF(OR($S95="", $S95<=0),"Chybí sazba","OK"))))))) -> OK
A96: 45029 | B96: ULL | C96: OK-BUG12 | D96: P92 Echo | E96: ULL | F96: LKSZ | G96: LKSZ | H96: 0.60625 | I96: 0.60972222 | J96: 0.63472222 | K96: 0.63819444 | L96: =IF($A96="","",IF(AND(ISNUMBER($H96),ISNUMBER($K96)),MOD($K96-$H96,1),"")) -> 0.031944444 | M96: =IF($A96="","",IF(AND(ISNUMBER($I96),ISNUMBER($J96)),MOD($J96-$I96,1),"")) -> 0.025 | N96: 5 | O96: Točík Filip | P96: Šindelář Petr | Q96: DUAL | S96: 2150 | T96: =IF($A96="","",IF(OR($S96="", $S96<=0, $L96=""),"",ROUND($L96*24*$S96,2))) -> 1648.33 | V96: =IF($A96="","",IF(OR(YEAR($A96)<2020,YEAR($A96)>2030),"Podezřelé datum",IF(OR($F96="",$G96=""),"Chybí letiště",IF(OR($H96="",$I96="",$J96="",$K96=""),"Chybí čas",IF(OR($H96>$I96,$I96>$J96,$J96>$K96),"Časy mimo pořadí",IF($M96>$L96,"Air > Block",IF(OR($S96="", $S96<=0),"Chybí sazba","OK"))))))) -> OK
A97: 45029 | B97: ULL | C97: OK-BUG12 | D97: P92 Echo | E97: ULL | F97: LKSZ | G97: LKSZ | H97: 0.63819444 | I97: 0.64166667 | J97: 0.6625 | K97: 0.66597222 | L97: =IF($A97="","",IF(AND(ISNUMBER($H97),ISNUMBER($K97)),MOD($K97-$H97,1),"")) -> 0.027777778 | M97: =IF($A97="","",IF(AND(ISNUMBER($I97),ISNUMBER($J97)),MOD($J97-$I97,1),"")) -> 0.020833333 | N97: 4 | O97: Točík Filip | Q97: PIC | S97: 2150 | T97: =IF($A97="","",IF(OR($S97="", $S97<=0, $L97=""),"",ROUND($L97*24*$S97,2))) -> 1433.33 | V97: =IF($A97="","",IF(OR(YEAR($A97)<2020,YEAR($A97)>2030),"Podezřelé datum",IF(OR($F97="",$G97=""),"Chybí letiště",IF(OR($H97="",$I97="",$J97="",$K97=""),"Chybí čas",IF(OR($H97>$I97,$I97>$J97,$J97>$K97),"Časy mimo pořadí",IF($M97>$L97,"Air > Block",IF(OR($S97="", $S97<=0),"Chybí sazba","OK"))))))) -> OK
A98: 45037 | B98: ULL | C98: OK-BUG12 | D98: P92 Echo | E98: ULL | F98: LKSZ | G98: LOWI | H98: 0.22638889 | I98: 0.22986111 | J98: 0.37569444 | K98: 0.37916667 | L98: =IF($A98="","",IF(AND(ISNUMBER($H98),ISNUMBER($K98)),MOD($K98-$H98,1),"")) -> 0.15277778 | M98: =IF($A98="","",IF(AND(ISNUMBER($I98),ISNUMBER($J98)),MOD($J98-$I98,1),"")) -> 0.14583333 | N98: 2 | O98: Točík Filip | Q98: PIC | S98: 2150 | T98: =IF($A98="","",IF(OR($S98="", $S98<=0, $L98=""),"",ROUND($L98*24*$S98,2))) -> 7883.33 | V98: =IF($A98="","",IF(OR(YEAR($A98)<2020,YEAR($A98)>2030),"Podezřelé datum",IF(OR($F98="",$G98=""),"Chybí letiště",IF(OR($H98="",$I98="",$J98="",$K98=""),"Chybí čas",IF(OR($H98>$I98,$I98>$J98,$J98>$K98),"Časy mimo pořadí",IF($M98>$L98,"Air > Block",IF(OR($S98="", $S98<=0),"Chybí sazba","OK"))))))) -> OK
A99: 45038 | B99: ULL | C99: OK-BUG12 | D99: P92 Echo | E99: ULL | F99: LOWI | G99: LKSZ | H99: 0.41527778 | I99: 0.41875 | J99: 0.51458333 | K99: 0.51805556 | L99: =IF($A99="","",IF(AND(ISNUMBER($H99),ISNUMBER($K99)),MOD($K99-$H99,1),"")) -> 0.10277778 | M99: =IF($A99="","",IF(AND(ISNUMBER($I99),ISNUMBER($J99)),MOD($J99-$I99,1),"")) -> 0.095833333 | N99: 1 | O99: Točík Filip | Q99: PIC | S99: 2150 | T99: =IF($A99="","",IF(OR($S99="", $S99<=0, $L99=""),"",ROUND($L99*24*$S99,2))) -> 5303.33 | V99: =IF($A99="","",IF(OR(YEAR($A99)<2020,YEAR($A99)>2030),"Podezřelé datum",IF(OR($F99="",$G99=""),"Chybí letiště",IF(OR($H99="",$I99="",$J99="",$K99=""),"Chybí čas",IF(OR($H99>$I99,$I99>$J99,$J99>$K99),"Časy mimo pořadí",IF($M99>$L99,"Air > Block",IF(OR($S99="", $S99<=0),"Chybí sazba","OK"))))))) -> OK
A100: 45045 | B100: ULL | C100: OK-CUG23 | D100: P92 Echo | E100: ULL | F100: LKSZ | G100: LKSZ | H100: 0.49652778 | I100: 0.5 | J100: 0.59166667 | K100: 0.59513889 | L100: =IF($A100="","",IF(AND(ISNUMBER($H100),ISNUMBER($K100)),MOD($K100-$H100,1),"")) -> 0.098611111 | M100: =IF($A100="","",IF(AND(ISNUMBER($I100),ISNUMBER($J100)),MOD($J100-$I100,1),"")) -> 0.091666667 | N100: 11 | O100: Točík Filip | Q100: PIC | S100: 2370 | T100: =IF($A100="","",IF(OR($S100="", $S100<=0, $L100=""),"",ROUND($L100*24*$S100,2))) -> 5609 | V100: =IF($A100="","",IF(OR(YEAR($A100)<2020,YEAR($A100)>2030),"Podezřelé datum",IF(OR($F100="",$G100=""),"Chybí letiště",IF(OR($H100="",$I100="",$J100="",$K100=""),"Chybí čas",IF(OR($H100>$I100,$I100>$J100,$J100>$K100),"Časy mimo pořadí",IF($M100>$L100,"Air > Block",IF(OR($S100="", $S100<=0),"Chybí sazba","OK"))))))) -> OK
...

Sheet Souhrny
A1: Souhrny
A3: Rok | B3: Letů | C3: Celkem | D3: PIC | E3: PIC ULL | F3: PIC EASA | G3: DUAL | H3: Instruktor | I3: Safety Pilot | J3: ULL | K3: EASA | L3: Starty | M3: Náklady Kč
A4: 2020 | B4: =COUNTIFS('Zápisník letů'!$A$2:$A$1018,">="&DATE($A4,1,1),'Zápisník letů'!$A$2:$A$1018,"<"&DATE($A4+1,1,1)) -> 24 | C4: =SUMIFS('Zápisník letů'!$L$2:$L$1018,'Zápisník letů'!$A$2:$A$1018,">="&DATE($A4,1,1),'Zápisník letů'!$A$2:$A$1018,"<"&DATE($A4+1,1,1)) -> 0.99583333 | D4: =SUMIFS('Zápisník letů'!$L$2:$L$1018,'Zápisník letů'!$A$2:$A$1018,">="&DATE($A4,1,1),'Zápisník letů'!$A$2:$A$1018,"<"&DATE($A4+1,1,1),'Zápisník letů'!$Q$2:$Q$1018,"PIC") -> 0.80694444 | E4: =SUMIFS('Zápisník letů'!$L$2:$L$1018,'Zápisník letů'!$A$2:$A$1018,">="&DATE($A4,1,1),'Zápisník letů'!$A$2:$A$1018,"<"&DATE($A4+1,1,1),'Zápisník letů'!$Q$2:$Q$1018,"PIC",'Zápisník letů'!$B$2:$B$1018,"ULL") -> 0.80694444 | F4: =SUMIFS('Zápisník letů'!$L$2:$L$1018,'Zápisník letů'!$A$2:$A$1018,">="&DATE($A4,1,1),'Zápisník letů'!$A$2:$A$1018,"<"&DATE($A4+1,1,1),'Zápisník letů'!$Q$2:$Q$1018,"PIC",'Zápisník letů'!$B$2:$B$1018,"EASA") -> 0 | G4: =SUMIFS('Zápisník letů'!$L$2:$L$1018,'Zápisník letů'!$A$2:$A$1018,">="&DATE($A4,1,1),'Zápisník letů'!$A$2:$A$1018,"<"&DATE($A4+1,1,1),'Zápisník letů'!$Q$2:$Q$1018,"DUAL") -> 0.18888889 | H4: =SUMIFS('Zápisník letů'!$L$2:$L$1018,'Zápisník letů'!$A$2:$A$1018,">="&DATE($A4,1,1),'Zápisník letů'!$A$2:$A$1018,"<"&DATE($A4+1,1,1),'Zápisník letů'!$Q$2:$Q$1018,"INSTRUKTOR") -> 0 | I4: =SUMIFS('Zápisník letů'!$L$2:$L$1018,'Zápisník letů'!$A$2:$A$1018,">="&DATE($A4,1,1),'Zápisník letů'!$A$2:$A$1018,"<"&DATE($A4+1,1,1),'Zápisník letů'!$Q$2:$Q$1018,"SAFETY PILOT") -> 0 | J4: =SUMIFS('Zápisník letů'!$L$2:$L$1018,'Zápisník letů'!$A$2:$A$1018,">="&DATE($A4,1,1),'Zápisník letů'!$A$2:$A$1018,"<"&DATE($A4+1,1,1),'Zápisník letů'!$B$2:$B$1018,"ULL") -> 0.99583333 | K4: =SUMIFS('Zápisník letů'!$L$2:$L$1018,'Zápisník letů'!$A$2:$A$1018,">="&DATE($A4,1,1),'Zápisník letů'!$A$2:$A$1018,"<"&DATE($A4+1,1,1),'Zápisník letů'!$B$2:$B$1018,"EASA") -> 0 | L4: =SUMIFS('Zápisník letů'!$N$2:$N$1018,'Zápisník letů'!$A$2:$A$1018,">="&DATE($A4,1,1),'Zápisník letů'!$A$2:$A$1018,"<"&DATE($A4+1,1,1)) -> 86 | M4: =SUMIFS('Zápisník letů'!$T$2:$T$1018,'Zápisník letů'!$A$2:$A$1018,">="&DATE($A4,1,1),'Zápisník letů'!$A$2:$A$1018,"<"&DATE($A4+1,1,1)) -> 44454
A5: 2021 | B5: =COUNTIFS('Zápisník letů'!$A$2:$A$1018,">="&DATE($A5,1,1),'Zápisník letů'!$A$2:$A$1018,"<"&DATE($A5+1,1,1)) -> 39 | C5: =SUMIFS('Zápisník letů'!$L$2:$L$1018,'Zápisník letů'!$A$2:$A$1018,">="&DATE($A5,1,1),'Zápisník letů'!$A$2:$A$1018,"<"&DATE($A5+1,1,1)) -> 1.8076389 | D5: =SUMIFS('Zápisník letů'!$L$2:$L$1018,'Zápisník letů'!$A$2:$A$1018,">="&DATE($A5,1,1),'Zápisník letů'!$A$2:$A$1018,"<"&DATE($A5+1,1,1),'Zápisník letů'!$Q$2:$Q$1018,"PIC") -> 1.5145833 | E5: =SUMIFS('Zápisník letů'!$L$2:$L$1018,'Zápisník letů'!$A$2:$A$1018,">="&DATE($A5,1,1),'Zápisník letů'!$A$2:$A$1018,"<"&DATE($A5+1,1,1),'Zápisník letů'!$Q$2:$Q$1018,"PIC",'Zápisník letů'!$B$2:$B$1018,"ULL") -> 1.5020833 | F5: =SUMIFS('Zápisník letů'!$L$2:$L$1018,'Zápisník letů'!$A$2:$A$1018,">="&DATE($A5,1,1),'Zápisník letů'!$A$2:$A$1018,"<"&DATE($A5+1,1,1),'Zápisník letů'!$Q$2:$Q$1018,"PIC",'Zápisník letů'!$B$2:$B$1018,"EASA") -> 0.0125 | G5: =SUMIFS('Zápisník letů'!$L$2:$L$1018,'Zápisník letů'!$A$2:$A$1018,">="&DATE($A5,1,1),'Zápisník letů'!$A$2:$A$1018,"<"&DATE($A5+1,1,1),'Zápisník letů'!$Q$2:$Q$1018,"DUAL") -> 0.29305556 | H5: =SUMIFS('Zápisník letů'!$L$2:$L$1018,'Zápisník letů'!$A$2:$A$1018,">="&DATE($A5,1,1),'Zápisník letů'!$A$2:$A$1018,"<"&DATE($A5+1,1,1),'Zápisník letů'!$Q$2:$Q$1018,"INSTRUKTOR") -> 0 | I5: =SUMIFS('Zápisník letů'!$L$2:$L$1018,'Zápisník letů'!$A$2:$A$1018,">="&DATE($A5,1,1),'Zápisník letů'!$A$2:$A$1018,"<"&DATE($A5+1,1,1),'Zápisník letů'!$Q$2:$Q$1018,"SAFETY PILOT") -> 0 | J5: =SUMIFS('Zápisník letů'!$L$2:$L$1018,'Zápisník letů'!$A$2:$A$1018,">="&DATE($A5,1,1),'Zápisník letů'!$A$2:$A$1018,"<"&DATE($A5+1,1,1),'Zápisník letů'!$B$2:$B$1018,"ULL") -> 1.5576389 | K5: =SUMIFS('Zápisník letů'!$L$2:$L$1018,'Zápisník letů'!$A$2:$A$1018,">="&DATE($A5,1,1),'Zápisník letů'!$A$2:$A$1018,"<"&DATE($A5+1,1,1),'Zápisník letů'!$B$2:$B$1018,"EASA") -> 0.25 | L5: =SUMIFS('Zápisník letů'!$N$2:$N$1018,'Zápisník letů'!$A$2:$A$1018,">="&DATE($A5,1,1),'Zápisník letů'!$A$2:$A$1018,"<"&DATE($A5+1,1,1)) -> 142 | M5: =SUMIFS('Zápisník letů'!$T$2:$T$1018,'Zápisník letů'!$A$2:$A$1018,">="&DATE($A5,1,1),'Zápisník letů'!$A$2:$A$1018,"<"&DATE($A5+1,1,1)) -> 87137
A6: 2022 | B6: =COUNTIFS('Zápisník letů'!$A$2:$A$1018,">="&DATE($A6,1,1),'Zápisník letů'!$A$2:$A$1018,"<"&DATE($A6+1,1,1)) -> 26 | C6: =SUMIFS('Zápisník letů'!$L$2:$L$1018,'Zápisník letů'!$A$2:$A$1018,">="&DATE($A6,1,1),'Zápisník letů'!$A$2:$A$1018,"<"&DATE($A6+1,1,1)) -> 1.9847222 | D6: =SUMIFS('Zápisník letů'!$L$2:$L$1018,'Zápisník letů'!$A$2:$A$1018,">="&DATE($A6,1,1),'Zápisník letů'!$A$2:$A$1018,"<"&DATE($A6+1,1,1),'Zápisník letů'!$Q$2:$Q$1018,"PIC") -> 1.7159722 | E6: =SUMIFS('Zápisník letů'!$L$2:$L$1018,'Zápisník letů'!$A$2:$A$1018,">="&DATE($A6,1,1),'Zápisník letů'!$A$2:$A$1018,"<"&DATE($A6+1,1,1),'Zápisník letů'!$Q$2:$Q$1018,"PIC",'Zápisník letů'!$B$2:$B$1018,"ULL") -> 1.6291667 | F6: =SUMIFS('Zápisník letů'!$L$2:$L$1018,'Zápisník letů'!$A$2:$A$1018,">="&DATE($A6,1,1),'Zápisník letů'!$A$2:$A$1018,"<"&DATE($A6+1,1,1),'Zápisník letů'!$Q$2:$Q$1018,"PIC",'Zápisník letů'!$B$2:$B$1018,"EASA") -> 0.086805556 | G6: =SUMIFS('Zápisník letů'!$L$2:$L$1018,'Zápisník letů'!$A$2:$A$1018,">="&DATE($A6,1,1),'Zápisník letů'!$A$2:$A$1018,"<"&DATE($A6+1,1,1),'Zápisník letů'!$Q$2:$Q$1018,"DUAL") -> 0.26875 | H6: =SUMIFS('Zápisník letů'!$L$2:$L$1018,'Zápisník letů'!$A$2:$A$1018,">="&DATE($A6,1,1),'Zápisník letů'!$A$2:$A$1018,"<"&DATE($A6+1,1,1),'Zápisník letů'!$Q$2:$Q$1018,"INSTRUKTOR") -> 0 | I6: =SUMIFS('Zápisník letů'!$L$2:$L$1018,'Zápisník letů'!$A$2:$A$1018,">="&DATE($A6,1,1),'Zápisník letů'!$A$2:$A$1018,"<"&DATE($A6+1,1,1),'Zápisník letů'!$Q$2:$Q$1018,"SAFETY PILOT") -> 0 | J6: =SUMIFS('Zápisník letů'!$L$2:$L$1018,'Zápisník letů'!$A$2:$A$1018,">="&DATE($A6,1,1),'Zápisník letů'!$A$2:$A$1018,"<"&DATE($A6+1,1,1),'Zápisník letů'!$B$2:$B$1018,"ULL") -> 1.6291667 | K6: =SUMIFS('Zápisník letů'!$L$2:$L$1018,'Zápisník letů'!$A$2:$A$1018,">="&DATE($A6,1,1),'Zápisník letů'!$A$2:$A$1018,"<"&DATE($A6+1,1,1),'Zápisník letů'!$B$2:$B$1018,"EASA") -> 0.35555556 | L6: =SUMIFS('Zápisník letů'!$N$2:$N$1018,'Zápisník letů'!$A$2:$A$1018,">="&DATE($A6,1,1),'Zápisník letů'!$A$2:$A$1018,"<"&DATE($A6+1,1,1)) -> 89 | M6: =SUMIFS('Zápisník letů'!$T$2:$T$1018,'Zápisník letů'!$A$2:$A$1018,">="&DATE($A6,1,1),'Zápisník letů'!$A$2:$A$1018,"<"&DATE($A6+1,1,1)) -> 111942
A7: 2023 | B7: =COUNTIFS('Zápisník letů'!$A$2:$A$1018,">="&DATE($A7,1,1),'Zápisník letů'!$A$2:$A$1018,"<"&DATE($A7+1,1,1)) -> 24 | C7: =SUMIFS('Zápisník letů'!$L$2:$L$1018,'Zápisník letů'!$A$2:$A$1018,">="&DATE($A7,1,1),'Zápisník letů'!$A$2:$A$1018,"<"&DATE($A7+1,1,1)) -> 1.6263889 | D7: =SUMIFS('Zápisník letů'!$L$2:$L$1018,'Zápisník letů'!$A$2:$A$1018,">="&DATE($A7,1,1),'Zápisník letů'!$A$2:$A$1018,"<"&DATE($A7+1,1,1),'Zápisník letů'!$Q$2:$Q$1018,"PIC") -> 1.5305556 | E7: =SUMIFS('Zápisník letů'!$L$2:$L$1018,'Zápisník letů'!$A$2:$A$1018,">="&DATE($A7,1,1),'Zápisník letů'!$A$2:$A$1018,"<"&DATE($A7+1,1,1),'Zápisník letů'!$Q$2:$Q$1018,"PIC",'Zápisník letů'!$B$2:$B$1018,"ULL") -> 1.4888889 | F7: =SUMIFS('Zápisník letů'!$L$2:$L$1018,'Zápisník letů'!$A$2:$A$1018,">="&DATE($A7,1,1),'Zápisník letů'!$A$2:$A$1018,"<"&DATE($A7+1,1,1),'Zápisník letů'!$Q$2:$Q$1018,"PIC",'Zápisník letů'!$B$2:$B$1018,"EASA") -> 0.041666667 | G7: =SUMIFS('Zápisník letů'!$L$2:$L$1018,'Zápisník letů'!$A$2:$A$1018,">="&DATE($A7,1,1),'Zápisník letů'!$A$2:$A$1018,"<"&DATE($A7+1,1,1),'Zápisník letů'!$Q$2:$Q$1018,"DUAL") -> 0.095833333 | H7: =SUMIFS('Zápisník letů'!$L$2:$L$1018,'Zápisník letů'!$A$2:$A$1018,">="&DATE($A7,1,1),'Zápisník letů'!$A$2:$A$1018,"<"&DATE($A7+1,1,1),'Zápisník letů'!$Q$2:$Q$1018,"INSTRUKTOR") -> 0 | I7: =SUMIFS('Zápisník letů'!$L$2:$L$1018,'Zápisník letů'!$A$2:$A$1018,">="&DATE($A7,1,1),'Zápisník letů'!$A$2:$A$1018,"<"&DATE($A7+1,1,1),'Zápisník letů'!$Q$2:$Q$1018,"SAFETY PILOT") -> 0 | J7: =SUMIFS('Zápisník letů'!$L$2:$L$1018,'Zápisník letů'!$A$2:$A$1018,">="&DATE($A7,1,1),'Zápisník letů'!$A$2:$A$1018,"<"&DATE($A7+1,1,1),'Zápisník letů'!$B$2:$B$1018,"ULL") -> 1.5694444 | K7: =SUMIFS('Zápisník letů'!$L$2:$L$1018,'Zápisník letů'!$A$2:$A$1018,">="&DATE($A7,1,1),'Zápisník letů'!$A$2:$A$1018,"<"&DATE($A7+1,1,1),'Zápisník letů'!$B$2:$B$1018,"EASA") -> 0.056944444 | L7: =SUMIFS('Zápisník letů'!$N$2:$N$1018,'Zápisník letů'!$A$2:$A$1018,">="&DATE($A7,1,1),'Zápisník letů'!$A$2:$A$1018,"<"&DATE($A7+1,1,1)) -> 70 | M7: =SUMIFS('Zápisník letů'!$T$2:$T$1018,'Zápisník letů'!$A$2:$A$1018,">="&DATE($A7,1,1),'Zápisník letů'!$A$2:$A$1018,"<"&DATE($A7+1,1,1)) -> 90959.32
A8: 2024 | B8: =COUNTIFS('Zápisník letů'!$A$2:$A$1018,">="&DATE($A8,1,1),'Zápisník letů'!$A$2:$A$1018,"<"&DATE($A8+1,1,1)) -> 37 | C8: =SUMIFS('Zápisník letů'!$L$2:$L$1018,'Zápisník letů'!$A$2:$A$1018,">="&DATE($A8,1,1),'Zápisník letů'!$A$2:$A$1018,"<"&DATE($A8+1,1,1)) -> 2.0076389 | D8: =SUMIFS('Zápisník letů'!$L$2:$L$1018,'Zápisník letů'!$A$2:$A$1018,">="&DATE($A8,1,1),'Zápisník letů'!$A$2:$A$1018,"<"&DATE($A8+1,1,1),'Zápisník letů'!$Q$2:$Q$1018,"PIC") -> 1.4993056 | E8: =SUMIFS('Zápisník letů'!$L$2:$L$1018,'Zápisník letů'!$A$2:$A$1018,">="&DATE($A8,1,1),'Zápisník letů'!$A$2:$A$1018,"<"&DATE($A8+1,1,1),'Zápisník letů'!$Q$2:$Q$1018,"PIC",'Zápisník letů'!$B$2:$B$1018,"ULL") -> 1.3847222 | F8: =SUMIFS('Zápisník letů'!$L$2:$L$1018,'Zápisník letů'!$A$2:$A$1018,">="&DATE($A8,1,1),'Zápisník letů'!$A$2:$A$1018,"<"&DATE($A8+1,1,1),'Zápisník letů'!$Q$2:$Q$1018,"PIC",'Zápisník letů'!$B$2:$B$1018,"EASA") -> 0.11458333 | G8: =SUMIFS('Zápisník letů'!$L$2:$L$1018,'Zápisník letů'!$A$2:$A$1018,">="&DATE($A8,1,1),'Zápisník letů'!$A$2:$A$1018,"<"&DATE($A8+1,1,1),'Zápisník letů'!$Q$2:$Q$1018,"DUAL") -> 0.42361111 | H8: =SUMIFS('Zápisník letů'!$L$2:$L$1018,'Zápisník letů'!$A$2:$A$1018,">="&DATE($A8,1,1),'Zápisník letů'!$A$2:$A$1018,"<"&DATE($A8+1,1,1),'Zápisník letů'!$Q$2:$Q$1018,"INSTRUKTOR") -> 0 | I8: =SUMIFS('Zápisník letů'!$L$2:$L$1018,'Zápisník letů'!$A$2:$A$1018,">="&DATE($A8,1,1),'Zápisník letů'!$A$2:$A$1018,"<"&DATE($A8+1,1,1),'Zápisník letů'!$Q$2:$Q$1018,"SAFETY PILOT") -> 0.084722222 | J8: =SUMIFS('Zápisník letů'!$L$2:$L$1018,'Zápisník letů'!$A$2:$A$1018,">="&DATE($A8,1,1),'Zápisník letů'!$A$2:$A$1018,"<"&DATE($A8+1,1,1),'Zápisník letů'!$B$2:$B$1018,"ULL") -> 1.5013889 | K8: =SUMIFS('Zápisník letů'!$L$2:$L$1018,'Zápisník letů'!$A$2:$A$1018,">="&DATE($A8,1,1),'Zápisník letů'!$A$2:$A$1018,"<"&DATE($A8+1,1,1),'Zápisník letů'!$B$2:$B$1018,"EASA") -> 0.50625 | L8: =SUMIFS('Zápisník letů'!$N$2:$N$1018,'Zápisník letů'!$A$2:$A$1018,">="&DATE($A8,1,1),'Zápisník letů'!$A$2:$A$1018,"<"&DATE($A8+1,1,1)) -> 103 | M8: =SUMIFS('Zápisník letů'!$T$2:$T$1018,'Zápisník letů'!$A$2:$A$1018,">="&DATE($A8,1,1),'Zápisník letů'!$A$2:$A$1018,"<"&DATE($A8+1,1,1)) -> 122551.67
A9: 2025 | B9: =COUNTIFS('Zápisník letů'!$A$2:$A$1018,">="&DATE($A9,1,1),'Zápisník letů'!$A$2:$A$1018,"<"&DATE($A9+1,1,1)) -> 30 | C9: =SUMIFS('Zápisník letů'!$L$2:$L$1018,'Zápisník letů'!$A$2:$A$1018,">="&DATE($A9,1,1),'Zápisník letů'!$A$2:$A$1018,"<"&DATE($A9+1,1,1)) -> 1.9472222 | D9: =SUMIFS('Zápisník letů'!$L$2:$L$1018,'Zápisník letů'!$A$2:$A$1018,">="&DATE($A9,1,1),'Zápisník letů'!$A$2:$A$1018,"<"&DATE($A9+1,1,1),'Zápisník letů'!$Q$2:$Q$1018,"PIC") -> 1.4763889 | E9: =SUMIFS('Zápisník letů'!$L$2:$L$1018,'Zápisník letů'!$A$2:$A$1018,">="&DATE($A9,1,1),'Zápisník letů'!$A$2:$A$1018,"<"&DATE($A9+1,1,1),'Zápisník letů'!$Q$2:$Q$1018,"PIC",'Zápisník letů'!$B$2:$B$1018,"ULL") -> 1.4555556 | F9: =SUMIFS('Zápisník letů'!$L$2:$L$1018,'Zápisník letů'!$A$2:$A$1018,">="&DATE($A9,1,1),'Zápisník letů'!$A$2:$A$1018,"<"&DATE($A9+1,1,1),'Zápisník letů'!$Q$2:$Q$1018,"PIC",'Zápisník letů'!$B$2:$B$1018,"EASA") -> 0.020833333 | G9: =SUMIFS('Zápisník letů'!$L$2:$L$1018,'Zápisník letů'!$A$2:$A$1018,">="&DATE($A9,1,1),'Zápisník letů'!$A$2:$A$1018,"<"&DATE($A9+1,1,1),'Zápisník letů'!$Q$2:$Q$1018,"DUAL") -> 0.067361111 | H9: =SUMIFS('Zápisník letů'!$L$2:$L$1018,'Zápisník letů'!$A$2:$A$1018,">="&DATE($A9,1,1),'Zápisník letů'!$A$2:$A$1018,"<"&DATE($A9+1,1,1),'Zápisník letů'!$Q$2:$Q$1018,"INSTRUKTOR") -> 0 | I9: =SUMIFS('Zápisník letů'!$L$2:$L$1018,'Zápisník letů'!$A$2:$A$1018,">="&DATE($A9,1,1),'Zápisník letů'!$A$2:$A$1018,"<"&DATE($A9+1,1,1),'Zápisník letů'!$Q$2:$Q$1018,"SAFETY PILOT") -> 0.40347222 | J9: =SUMIFS('Zápisník letů'!$L$2:$L$1018,'Zápisník letů'!$A$2:$A$1018,">="&DATE($A9,1,1),'Zápisník letů'!$A$2:$A$1018,"<"&DATE($A9+1,1,1),'Zápisník letů'!$B$2:$B$1018,"ULL") -> 1.7020833 | K9: =SUMIFS('Zápisník letů'!$L$2:$L$1018,'Zápisník letů'!$A$2:$A$1018,">="&DATE($A9,1,1),'Zápisník letů'!$A$2:$A$1018,"<"&DATE($A9+1,1,1),'Zápisník letů'!$B$2:$B$1018,"EASA") -> 0.24513889 | L9: =SUMIFS('Zápisník letů'!$N$2:$N$1018,'Zápisník letů'!$A$2:$A$1018,">="&DATE($A9,1,1),'Zápisník letů'!$A$2:$A$1018,"<"&DATE($A9+1,1,1)) -> 57 | M9: =SUMIFS('Zápisník letů'!$T$2:$T$1018,'Zápisník letů'!$A$2:$A$1018,">="&DATE($A9,1,1),'Zápisník letů'!$A$2:$A$1018,"<"&DATE($A9+1,1,1)) -> 130158.67
A10: 2026 | B10: =COUNTIFS('Zápisník letů'!$A$2:$A$1018,">="&DATE($A10,1,1),'Zápisník letů'!$A$2:$A$1018,"<"&DATE($A10+1,1,1)) -> 15 | C10: =SUMIFS('Zápisník letů'!$L$2:$L$1018,'Zápisník letů'!$A$2:$A$1018,">="&DATE($A10,1,1),'Zápisník letů'!$A$2:$A$1018,"<"&DATE($A10+1,1,1)) -> 0.89097222 | D10: =SUMIFS('Zápisník letů'!$L$2:$L$1018,'Zápisník letů'!$A$2:$A$1018,">="&DATE($A10,1,1),'Zápisník letů'!$A$2:$A$1018,"<"&DATE($A10+1,1,1),'Zápisník letů'!$Q$2:$Q$1018,"PIC") -> 0.31041667 | E10: =SUMIFS('Zápisník letů'!$L$2:$L$1018,'Zápisník letů'!$A$2:$A$1018,">="&DATE($A10,1,1),'Zápisník letů'!$A$2:$A$1018,"<"&DATE($A10+1,1,1),'Zápisník letů'!$Q$2:$Q$1018,"PIC",'Zápisník letů'!$B$2:$B$1018,"ULL") -> 0.24097222 | F10: =SUMIFS('Zápisník letů'!$L$2:$L$1018,'Zápisník letů'!$A$2:$A$1018,">="&DATE($A10,1,1),'Zápisník letů'!$A$2:$A$1018,"<"&DATE($A10+1,1,1),'Zápisník letů'!$Q$2:$Q$1018,"PIC",'Zápisník letů'!$B$2:$B$1018,"EASA") -> 0.069444444 | G10: =SUMIFS('Zápisník letů'!$L$2:$L$1018,'Zápisník letů'!$A$2:$A$1018,">="&DATE($A10,1,1),'Zápisník letů'!$A$2:$A$1018,"<"&DATE($A10+1,1,1),'Zápisník letů'!$Q$2:$Q$1018,"DUAL") -> 0 | H10: =SUMIFS('Zápisník letů'!$L$2:$L$1018,'Zápisník letů'!$A$2:$A$1018,">="&DATE($A10,1,1),'Zápisník letů'!$A$2:$A$1018,"<"&DATE($A10+1,1,1),'Zápisník letů'!$Q$2:$Q$1018,"INSTRUKTOR") -> 0 | I10: =SUMIFS('Zápisník letů'!$L$2:$L$1018,'Zápisník letů'!$A$2:$A$1018,">="&DATE($A10,1,1),'Zápisník letů'!$A$2:$A$1018,"<"&DATE($A10+1,1,1),'Zápisník letů'!$Q$2:$Q$1018,"SAFETY PILOT") -> 0.58055556 | J10: =SUMIFS('Zápisník letů'!$L$2:$L$1018,'Zápisník letů'!$A$2:$A$1018,">="&DATE($A10,1,1),'Zápisník letů'!$A$2:$A$1018,"<"&DATE($A10+1,1,1),'Zápisník letů'!$B$2:$B$1018,"ULL") -> 0.37152778 | K10: =SUMIFS('Zápisník letů'!$L$2:$L$1018,'Zápisník letů'!$A$2:$A$1018,">="&DATE($A10,1,1),'Zápisník letů'!$A$2:$A$1018,"<"&DATE($A10+1,1,1),'Zápisník letů'!$B$2:$B$1018,"EASA") -> 0.51944444 | L10: =SUMIFS('Zápisník letů'!$N$2:$N$1018,'Zápisník letů'!$A$2:$A$1018,">="&DATE($A10,1,1),'Zápisník letů'!$A$2:$A$1018,"<"&DATE($A10+1,1,1)) -> 23 | M10: =SUMIFS('Zápisník letů'!$T$2:$T$1018,'Zápisník letů'!$A$2:$A$1018,">="&DATE($A10,1,1),'Zápisník letů'!$A$2:$A$1018,"<"&DATE($A10+1,1,1)) -> 91691.84
A11: 2027 | B11: =COUNTIFS('Zápisník letů'!$A$2:$A$1018,">="&DATE($A11,1,1),'Zápisník letů'!$A$2:$A$1018,"<"&DATE($A11+1,1,1)) -> 0 | C11: =SUMIFS('Zápisník letů'!$L$2:$L$1018,'Zápisník letů'!$A$2:$A$1018,">="&DATE($A11,1,1),'Zápisník letů'!$A$2:$A$1018,"<"&DATE($A11+1,1,1)) -> 0 | D11: =SUMIFS('Zápisník letů'!$L$2:$L$1018,'Zápisník letů'!$A$2:$A$1018,">="&DATE($A11,1,1),'Zápisník letů'!$A$2:$A$1018,"<"&DATE($A11+1,1,1),'Zápisník letů'!$Q$2:$Q$1018,"PIC") -> 0 | E11: =SUMIFS('Zápisník letů'!$L$2:$L$1018,'Zápisník letů'!$A$2:$A$1018,">="&DATE($A11,1,1),'Zápisník letů'!$A$2:$A$1018,"<"&DATE($A11+1,1,1),'Zápisník letů'!$Q$2:$Q$1018,"PIC",'Zápisník letů'!$B$2:$B$1018,"ULL") -> 0 | F11: =SUMIFS('Zápisník letů'!$L$2:$L$1018,'Zápisník letů'!$A$2:$A$1018,">="&DATE($A11,1,1),'Zápisník letů'!$A$2:$A$1018,"<"&DATE($A11+1,1,1),'Zápisník letů'!$Q$2:$Q$1018,"PIC",'Zápisník letů'!$B$2:$B$1018,"EASA") -> 0 | G11: =SUMIFS('Zápisník letů'!$L$2:$L$1018,'Zápisník letů'!$A$2:$A$1018,">="&DATE($A11,1,1),'Zápisník letů'!$A$2:$A$1018,"<"&DATE($A11+1,1,1),'Zápisník letů'!$Q$2:$Q$1018,"DUAL") -> 0 | H11: =SUMIFS('Zápisník letů'!$L$2:$L$1018,'Zápisník letů'!$A$2:$A$1018,">="&DATE($A11,1,1),'Zápisník letů'!$A$2:$A$1018,"<"&DATE($A11+1,1,1),'Zápisník letů'!$Q$2:$Q$1018,"INSTRUKTOR") -> 0 | I11: =SUMIFS('Zápisník letů'!$L$2:$L$1018,'Zápisník letů'!$A$2:$A$1018,">="&DATE($A11,1,1),'Zápisník letů'!$A$2:$A$1018,"<"&DATE($A11+1,1,1),'Zápisník letů'!$Q$2:$Q$1018,"SAFETY PILOT") -> 0 | J11: =SUMIFS('Zápisník letů'!$L$2:$L$1018,'Zápisník letů'!$A$2:$A$1018,">="&DATE($A11,1,1),'Zápisník letů'!$A$2:$A$1018,"<"&DATE($A11+1,1,1),'Zápisník letů'!$B$2:$B$1018,"ULL") -> 0 | K11: =SUMIFS('Zápisník letů'!$L$2:$L$1018,'Zápisník letů'!$A$2:$A$1018,">="&DATE($A11,1,1),'Zápisník letů'!$A$2:$A$1018,"<"&DATE($A11+1,1,1),'Zápisník letů'!$B$2:$B$1018,"EASA") -> 0 | L11: =SUMIFS('Zápisník letů'!$N$2:$N$1018,'Zápisník letů'!$A$2:$A$1018,">="&DATE($A11,1,1),'Zápisník letů'!$A$2:$A$1018,"<"&DATE($A11+1,1,1)) -> 0 | M11: =SUMIFS('Zápisník letů'!$T$2:$T$1018,'Zápisník letů'!$A$2:$A$1018,">="&DATE($A11,1,1),'Zápisník letů'!$A$2:$A$1018,"<"&DATE($A11+1,1,1)) -> 0
A12: 2028 | B12: =COUNTIFS('Zápisník letů'!$A$2:$A$1018,">="&DATE($A12,1,1),'Zápisník letů'!$A$2:$A$1018,"<"&DATE($A12+1,1,1)) -> 0 | C12: =SUMIFS('Zápisník letů'!$L$2:$L$1018,'Zápisník letů'!$A$2:$A$1018,">="&DATE($A12,1,1),'Zápisník letů'!$A$2:$A$1018,"<"&DATE($A12+1,1,1)) -> 0 | D12: =SUMIFS('Zápisník letů'!$L$2:$L$1018,'Zápisník letů'!$A$2:$A$1018,">="&DATE($A12,1,1),'Zápisník letů'!$A$2:$A$1018,"<"&DATE($A12+1,1,1),'Zápisník letů'!$Q$2:$Q$1018,"PIC") -> 0 | E12: =SUMIFS('Zápisník letů'!$L$2:$L$1018,'Zápisník letů'!$A$2:$A$1018,">="&DATE($A12,1,1),'Zápisník letů'!$A$2:$A$1018,"<"&DATE($A12+1,1,1),'Zápisník letů'!$Q$2:$Q$1018,"PIC",'Zápisník letů'!$B$2:$B$1018,"ULL") -> 0 | F12: =SUMIFS('Zápisník letů'!$L$2:$L$1018,'Zápisník letů'!$A$2:$A$1018,">="&DATE($A12,1,1),'Zápisník letů'!$A$2:$A$1018,"<"&DATE($A12+1,1,1),'Zápisník letů'!$Q$2:$Q$1018,"PIC",'Zápisník letů'!$B$2:$B$1018,"EASA") -> 0 | G12: =SUMIFS('Zápisník letů'!$L$2:$L$1018,'Zápisník letů'!$A$2:$A$1018,">="&DATE($A12,1,1),'Zápisník letů'!$A$2:$A$1018,"<"&DATE($A12+1,1,1),'Zápisník letů'!$Q$2:$Q$1018,"DUAL") -> 0 | H12: =SUMIFS('Zápisník letů'!$L$2:$L$1018,'Zápisník letů'!$A$2:$A$1018,">="&DATE($A12,1,1),'Zápisník letů'!$A$2:$A$1018,"<"&DATE($A12+1,1,1),'Zápisník letů'!$Q$2:$Q$1018,"INSTRUKTOR") -> 0 | I12: =SUMIFS('Zápisník letů'!$L$2:$L$1018,'Zápisník letů'!$A$2:$A$1018,">="&DATE($A12,1,1),'Zápisník letů'!$A$2:$A$1018,"<"&DATE($A12+1,1,1),'Zápisník letů'!$Q$2:$Q$1018,"SAFETY PILOT") -> 0 | J12: =SUMIFS('Zápisník letů'!$L$2:$L$1018,'Zápisník letů'!$A$2:$A$1018,">="&DATE($A12,1,1),'Zápisník letů'!$A$2:$A$1018,"<"&DATE($A12+1,1,1),'Zápisník letů'!$B$2:$B$1018,"ULL") -> 0 | K12: =SUMIFS('Zápisník letů'!$L$2:$L$1018,'Zápisník letů'!$A$2:$A$1018,">="&DATE($A12,1,1),'Zápisník letů'!$A$2:$A$1018,"<"&DATE($A12+1,1,1),'Zápisník letů'!$B$2:$B$1018,"EASA") -> 0 | L12: =SUMIFS('Zápisník letů'!$N$2:$N$1018,'Zápisník letů'!$A$2:$A$1018,">="&DATE($A12,1,1),'Zápisník letů'!$A$2:$A$1018,"<"&DATE($A12+1,1,1)) -> 0 | M12: =SUMIFS('Zápisník letů'!$T$2:$T$1018,'Zápisník letů'!$A$2:$A$1018,">="&DATE($A12,1,1),'Zápisník letů'!$A$2:$A$1018,"<"&DATE($A12+1,1,1)) -> 0
A13: 2029 | B13: =COUNTIFS('Zápisník letů'!$A$2:$A$1018,">="&DATE($A13,1,1),'Zápisník letů'!$A$2:$A$1018,"<"&DATE($A13+1,1,1)) -> 0 | C13: =SUMIFS('Zápisník letů'!$L$2:$L$1018,'Zápisník letů'!$A$2:$A$1018,">="&DATE($A13,1,1),'Zápisník letů'!$A$2:$A$1018,"<"&DATE($A13+1,1,1)) -> 0 | D13: =SUMIFS('Zápisník letů'!$L$2:$L$1018,'Zápisník letů'!$A$2:$A$1018,">="&DATE($A13,1,1),'Zápisník letů'!$A$2:$A$1018,"<"&DATE($A13+1,1,1),'Zápisník letů'!$Q$2:$Q$1018,"PIC") -> 0 | E13: =SUMIFS('Zápisník letů'!$L$2:$L$1018,'Zápisník letů'!$A$2:$A$1018,">="&DATE($A13,1,1),'Zápisník letů'!$A$2:$A$1018,"<"&DATE($A13+1,1,1),'Zápisník letů'!$Q$2:$Q$1018,"PIC",'Zápisník letů'!$B$2:$B$1018,"ULL") -> 0 | F13: =SUMIFS('Zápisník letů'!$L$2:$L$1018,'Zápisník letů'!$A$2:$A$1018,">="&DATE($A13,1,1),'Zápisník letů'!$A$2:$A$1018,"<"&DATE($A13+1,1,1),'Zápisník letů'!$Q$2:$Q$1018,"PIC",'Zápisník letů'!$B$2:$B$1018,"EASA") -> 0 | G13: =SUMIFS('Zápisník letů'!$L$2:$L$1018,'Zápisník letů'!$A$2:$A$1018,">="&DATE($A13,1,1),'Zápisník letů'!$A$2:$A$1018,"<"&DATE($A13+1,1,1),'Zápisník letů'!$Q$2:$Q$1018,"DUAL") -> 0 | H13: =SUMIFS('Zápisník letů'!$L$2:$L$1018,'Zápisník letů'!$A$2:$A$1018,">="&DATE($A13,1,1),'Zápisník letů'!$A$2:$A$1018,"<"&DATE($A13+1,1,1),'Zápisník letů'!$Q$2:$Q$1018,"INSTRUKTOR") -> 0 | I13: =SUMIFS('Zápisník letů'!$L$2:$L$1018,'Zápisník letů'!$A$2:$A$1018,">="&DATE($A13,1,1),'Zápisník letů'!$A$2:$A$1018,"<"&DATE($A13+1,1,1),'Zápisník letů'!$Q$2:$Q$1018,"SAFETY PILOT") -> 0 | J13: =SUMIFS('Zápisník letů'!$L$2:$L$1018,'Zápisník letů'!$A$2:$A$1018,">="&DATE($A13,1,1),'Zápisník letů'!$A$2:$A$1018,"<"&DATE($A13+1,1,1),'Zápisník letů'!$B$2:$B$1018,"ULL") -> 0 | K13: =SUMIFS('Zápisník letů'!$L$2:$L$1018,'Zápisník letů'!$A$2:$A$1018,">="&DATE($A13,1,1),'Zápisník letů'!$A$2:$A$1018,"<"&DATE($A13+1,1,1),'Zápisník letů'!$B$2:$B$1018,"EASA") -> 0 | L13: =SUMIFS('Zápisník letů'!$N$2:$N$1018,'Zápisník letů'!$A$2:$A$1018,">="&DATE($A13,1,1),'Zápisník letů'!$A$2:$A$1018,"<"&DATE($A13+1,1,1)) -> 0 | M13: =SUMIFS('Zápisník letů'!$T$2:$T$1018,'Zápisník letů'!$A$2:$A$1018,">="&DATE($A13,1,1),'Zápisník letů'!$A$2:$A$1018,"<"&DATE($A13+1,1,1)) -> 0
A14: 2030 | B14: =COUNTIFS('Zápisník letů'!$A$2:$A$1018,">="&DATE($A14,1,1),'Zápisník letů'!$A$2:$A$1018,"<"&DATE($A14+1,1,1)) -> 0 | C14: =SUMIFS('Zápisník letů'!$L$2:$L$1018,'Zápisník letů'!$A$2:$A$1018,">="&DATE($A14,1,1),'Zápisník letů'!$A$2:$A$1018,"<"&DATE($A14+1,1,1)) -> 0 | D14: =SUMIFS('Zápisník letů'!$L$2:$L$1018,'Zápisník letů'!$A$2:$A$1018,">="&DATE($A14,1,1),'Zápisník letů'!$A$2:$A$1018,"<"&DATE($A14+1,1,1),'Zápisník letů'!$Q$2:$Q$1018,"PIC") -> 0 | E14: =SUMIFS('Zápisník letů'!$L$2:$L$1018,'Zápisník letů'!$A$2:$A$1018,">="&DATE($A14,1,1),'Zápisník letů'!$A$2:$A$1018,"<"&DATE($A14+1,1,1),'Zápisník letů'!$Q$2:$Q$1018,"PIC",'Zápisník letů'!$B$2:$B$1018,"ULL") -> 0 | F14: =SUMIFS('Zápisník letů'!$L$2:$L$1018,'Zápisník letů'!$A$2:$A$1018,">="&DATE($A14,1,1),'Zápisník letů'!$A$2:$A$1018,"<"&DATE($A14+1,1,1),'Zápisník letů'!$Q$2:$Q$1018,"PIC",'Zápisník letů'!$B$2:$B$1018,"EASA") -> 0 | G14: =SUMIFS('Zápisník letů'!$L$2:$L$1018,'Zápisník letů'!$A$2:$A$1018,">="&DATE($A14,1,1),'Zápisník letů'!$A$2:$A$1018,"<"&DATE($A14+1,1,1),'Zápisník letů'!$Q$2:$Q$1018,"DUAL") -> 0 | H14: =SUMIFS('Zápisník letů'!$L$2:$L$1018,'Zápisník letů'!$A$2:$A$1018,">="&DATE($A14,1,1),'Zápisník letů'!$A$2:$A$1018,"<"&DATE($A14+1,1,1),'Zápisník letů'!$Q$2:$Q$1018,"INSTRUKTOR") -> 0 | I14: =SUMIFS('Zápisník letů'!$L$2:$L$1018,'Zápisník letů'!$A$2:$A$1018,">="&DATE($A14,1,1),'Zápisník letů'!$A$2:$A$1018,"<"&DATE($A14+1,1,1),'Zápisník letů'!$Q$2:$Q$1018,"SAFETY PILOT") -> 0 | J14: =SUMIFS('Zápisník letů'!$L$2:$L$1018,'Zápisník letů'!$A$2:$A$1018,">="&DATE($A14,1,1),'Zápisník letů'!$A$2:$A$1018,"<"&DATE($A14+1,1,1),'Zápisník letů'!$B$2:$B$1018,"ULL") -> 0 | K14: =SUMIFS('Zápisník letů'!$L$2:$L$1018,'Zápisník letů'!$A$2:$A$1018,">="&DATE($A14,1,1),'Zápisník letů'!$A$2:$A$1018,"<"&DATE($A14+1,1,1),'Zápisník letů'!$B$2:$B$1018,"EASA") -> 0 | L14: =SUMIFS('Zápisník letů'!$N$2:$N$1018,'Zápisník letů'!$A$2:$A$1018,">="&DATE($A14,1,1),'Zápisník letů'!$A$2:$A$1018,"<"&DATE($A14+1,1,1)) -> 0 | M14: =SUMIFS('Zápisník letů'!$T$2:$T$1018,'Zápisník letů'!$A$2:$A$1018,">="&DATE($A14,1,1),'Zápisník letů'!$A$2:$A$1018,"<"&DATE($A14+1,1,1)) -> 0
A18: Funkce | B18: Letů | C18: Block time | D18: Náklady Kč | F18: Imatrikulace | G18: Typ | H18: Evidence | I18: Letů | J18: Celkem | K18: PIC | L18: Starty | M18: Náklady Kč
A19: PIC | B19: =COUNTIF('Zápisník letů'!$Q$2:$Q$1018,$A19) -> 146 | C19: =SUMIFS('Zápisník letů'!$L$2:$L$1018,'Zápisník letů'!$Q$2:$Q$1018,$A19) -> 8.8541667 | D19: =SUMIFS('Zápisník letů'!$T$2:$T$1018,'Zápisník letů'!$Q$2:$Q$1018,$A19) -> 467828.49 | F19: OK-BIC | G19: =IFERROR(INDEX('Zápisník letů'!$D$2:$D$1018,MATCH($F19,'Zápisník letů'!$C$2:$C$1018,0)),"") -> P208 | H19: =IFERROR(INDEX('Zápisník letů'!$B$2:$B$1018,MATCH($F19,'Zápisník letů'!$C$2:$C$1018,0)),"") -> EASA | I19: =COUNTIF('Zápisník letů'!$C$2:$C$1018,$F19) -> 12 | J19: =SUMIFS('Zápisník letů'!$L$2:$L$1018,'Zápisník letů'!$C$2:$C$1018,$F19) -> 0.50625 | K19: =SUMIFS('Zápisník letů'!$L$2:$L$1018,'Zápisník letů'!$C$2:$C$1018,$F19,'Zápisník letů'!$Q$2:$Q$1018,"PIC") -> 0.11458333 | L19: =SUMIFS('Zápisník letů'!$N$2:$N$1018,'Zápisník letů'!$C$2:$C$1018,$F19) -> 34 | M19: =SUMIFS('Zápisník letů'!$T$2:$T$1018,'Zápisník letů'!$C$2:$C$1018,$F19) -> 37179
A20: DUAL | B20: =COUNTIF('Zápisník letů'!$Q$2:$Q$1018,$A20) -> 33 | C20: =SUMIFS('Zápisník letů'!$L$2:$L$1018,'Zápisník letů'!$Q$2:$Q$1018,$A20) -> 1.3375 | D20: =SUMIFS('Zápisník letů'!$T$2:$T$1018,'Zápisník letů'!$Q$2:$Q$1018,$A20) -> 88069.33 | F20: OK-BID | G20: =IFERROR(INDEX('Zápisník letů'!$D$2:$D$1018,MATCH($F20,'Zápisník letů'!$C$2:$C$1018,0)),"") -> B23 | H20: =IFERROR(INDEX('Zápisník letů'!$B$2:$B$1018,MATCH($F20,'Zápisník letů'!$C$2:$C$1018,0)),"") -> EASA | I20: =COUNTIF('Zápisník letů'!$C$2:$C$1018,$F20) -> 2 | J20: =SUMIFS('Zápisník letů'!$L$2:$L$1018,'Zápisník letů'!$C$2:$C$1018,$F20) -> 0.072916667 | K20: =SUMIFS('Zápisník letů'!$L$2:$L$1018,'Zápisník letů'!$C$2:$C$1018,$F20,'Zápisník letů'!$Q$2:$Q$1018,"PIC") -> 0.020833333 | L20: =SUMIFS('Zápisník letů'!$N$2:$N$1018,'Zápisník letů'!$C$2:$C$1018,$F20) -> 9 | M20: =SUMIFS('Zápisník letů'!$T$2:$T$1018,'Zápisník letů'!$C$2:$C$1018,$F20) -> 5355
A21: INSTRUKTOR | B21: =COUNTIF('Zápisník letů'!$Q$2:$Q$1018,$A21) -> 0 | C21: =SUMIFS('Zápisník letů'!$L$2:$L$1018,'Zápisník letů'!$Q$2:$Q$1018,$A21) -> 0 | D21: =SUMIFS('Zápisník letů'!$T$2:$T$1018,'Zápisník letů'!$Q$2:$Q$1018,$A21) -> 0 | F21: OK-BIK | G21: =IFERROR(INDEX('Zápisník letů'!$D$2:$D$1018,MATCH($F21,'Zápisník letů'!$C$2:$C$1018,0)),"") -> P208 | H21: =IFERROR(INDEX('Zápisník letů'!$B$2:$B$1018,MATCH($F21,'Zápisník letů'!$C$2:$C$1018,0)),"") -> EASA | I21: =COUNTIF('Zápisník letů'!$C$2:$C$1018,$F21) -> 4 | J21: =SUMIFS('Zápisník letů'!$L$2:$L$1018,'Zápisník letů'!$C$2:$C$1018,$F21) -> 0.0875 | K21: =SUMIFS('Zápisník letů'!$L$2:$L$1018,'Zápisník letů'!$C$2:$C$1018,$F21,'Zápisník letů'!$Q$2:$Q$1018,"PIC") -> 0.0125 | L21: =SUMIFS('Zápisník letů'!$N$2:$N$1018,'Zápisník letů'!$C$2:$C$1018,$F21) -> 34 | M21: =SUMIFS('Zápisník letů'!$T$2:$T$1018,'Zápisník letů'!$C$2:$C$1018,$F21) -> 5670
A22: SAFETY PILOT | B22: =COUNTIF('Zápisník letů'!$Q$2:$Q$1018,$A22) -> 16 | C22: =SUMIFS('Zápisník letů'!$L$2:$L$1018,'Zápisník letů'!$Q$2:$Q$1018,$A22) -> 1.06875 | D22: =SUMIFS('Zápisník letů'!$T$2:$T$1018,'Zápisník letů'!$Q$2:$Q$1018,$A22) -> 122996.68 | F22: OK-BIN | G22: =IFERROR(INDEX('Zápisník letů'!$D$2:$D$1018,MATCH($F22,'Zápisník letů'!$C$2:$C$1018,0)),"") -> Bristell | H22: =IFERROR(INDEX('Zápisník letů'!$B$2:$B$1018,MATCH($F22,'Zápisník letů'!$C$2:$C$1018,0)),"") -> EASA | I22: =COUNTIF('Zápisník letů'!$C$2:$C$1018,$F22) -> 2 | J22: =SUMIFS('Zápisník letů'!$L$2:$L$1018,'Zápisník letů'!$C$2:$C$1018,$F22) -> 0.069444444 | K22: =SUMIFS('Zápisník letů'!$L$2:$L$1018,'Zápisník letů'!$C$2:$C$1018,$F22,'Zápisník letů'!$Q$2:$Q$1018,"PIC") -> 0.069444444 | L22: =SUMIFS('Zápisník letů'!$N$2:$N$1018,'Zápisník letů'!$C$2:$C$1018,$F22) -> 8 | M22: =SUMIFS('Zápisník letů'!$T$2:$T$1018,'Zápisník letů'!$C$2:$C$1018,$F22) -> 5100
A23: CO-PILOT | B23: =COUNTIF('Zápisník letů'!$Q$2:$Q$1018,$A23) -> 0 | C23: =SUMIFS('Zápisník letů'!$L$2:$L$1018,'Zápisník letů'!$Q$2:$Q$1018,$A23) -> 0 | D23: =SUMIFS('Zápisník letů'!$T$2:$T$1018,'Zápisník letů'!$Q$2:$Q$1018,$A23) -> 0 | F23: OK-BUG12 | G23: =IFERROR(INDEX('Zápisník letů'!$D$2:$D$1018,MATCH($F23,'Zápisník letů'!$C$2:$C$1018,0)),"") -> P92 Echo | H23: =IFERROR(INDEX('Zápisník letů'!$B$2:$B$1018,MATCH($F23,'Zápisník letů'!$C$2:$C$1018,0)),"") -> ULL | I23: =COUNTIF('Zápisník letů'!$C$2:$C$1018,$F23) -> 4 | J23: =SUMIFS('Zápisník letů'!$L$2:$L$1018,'Zápisník letů'!$C$2:$C$1018,$F23) -> 0.31527778 | K23: =SUMIFS('Zápisník letů'!$L$2:$L$1018,'Zápisník letů'!$C$2:$C$1018,$F23,'Zápisník letů'!$Q$2:$Q$1018,"PIC") -> 0.28333333 | L23: =SUMIFS('Zápisník letů'!$N$2:$N$1018,'Zápisník letů'!$C$2:$C$1018,$F23) -> 12 | M23: =SUMIFS('Zápisník letů'!$T$2:$T$1018,'Zápisník letů'!$C$2:$C$1018,$F23) -> 16268.32
A24: PAX | B24: =COUNTIF('Zápisník letů'!$Q$2:$Q$1018,$A24) -> 0 | C24: =SUMIFS('Zápisník letů'!$L$2:$L$1018,'Zápisník letů'!$Q$2:$Q$1018,$A24) -> 0 | D24: =SUMIFS('Zápisník letů'!$T$2:$T$1018,'Zápisník letů'!$Q$2:$Q$1018,$A24) -> 0 | F24: OK-CUG23 | G24: =IFERROR(INDEX('Zápisník letů'!$D$2:$D$1018,MATCH($F24,'Zápisník letů'!$C$2:$C$1018,0)),"") -> P92 Echo | H24: =IFERROR(INDEX('Zápisník letů'!$B$2:$B$1018,MATCH($F24,'Zápisník letů'!$C$2:$C$1018,0)),"") -> ULL | I24: =COUNTIF('Zápisník letů'!$C$2:$C$1018,$F24) -> 38 | J24: =SUMIFS('Zápisník letů'!$L$2:$L$1018,'Zápisník letů'!$C$2:$C$1018,$F24) -> 2.6451389 | K24: =SUMIFS('Zápisník letů'!$L$2:$L$1018,'Zápisník letů'!$C$2:$C$1018,$F24,'Zápisník letů'!$Q$2:$Q$1018,"PIC") -> 2.6131944 | L24: =SUMIFS('Zápisník letů'!$N$2:$N$1018,'Zápisník letů'!$C$2:$C$1018,$F24) -> 101 | M24: =SUMIFS('Zápisník letů'!$T$2:$T$1018,'Zápisník letů'!$C$2:$C$1018,$F24) -> 150455.5
A25: OBSERVER | B25: =COUNTIF('Zápisník letů'!$Q$2:$Q$1018,$A25) -> 0 | C25: =SUMIFS('Zápisník letů'!$L$2:$L$1018,'Zápisník letů'!$Q$2:$Q$1018,$A25) -> 0 | D25: =SUMIFS('Zápisník letů'!$T$2:$T$1018,'Zápisník letů'!$Q$2:$Q$1018,$A25) -> 0 | F25: OK-DAS | G25: =IFERROR(INDEX('Zápisník letů'!$D$2:$D$1018,MATCH($F25,'Zápisník letů'!$C$2:$C$1018,0)),"") -> B23T | H25: =IFERROR(INDEX('Zápisník letů'!$B$2:$B$1018,MATCH($F25,'Zápisník letů'!$C$2:$C$1018,0)),"") -> EASA | I25: =COUNTIF('Zápisník letů'!$C$2:$C$1018,$F25) -> 5 | J25: =SUMIFS('Zápisník letů'!$L$2:$L$1018,'Zápisník letů'!$C$2:$C$1018,$F25) -> 0.45 | K25: =SUMIFS('Zápisník letů'!$L$2:$L$1018,'Zápisník letů'!$C$2:$C$1018,$F25,'Zápisník letů'!$Q$2:$Q$1018,"PIC") -> 0 | L25: =SUMIFS('Zápisník letů'!$N$2:$N$1018,'Zápisník letů'!$C$2:$C$1018,$F25) -> 5 | M25: =SUMIFS('Zápisník letů'!$T$2:$T$1018,'Zápisník letů'!$C$2:$C$1018,$F25) -> 60480
F26: OK-DPH | G26: =IFERROR(INDEX('Zápisník letů'!$D$2:$D$1018,MATCH($F26,'Zápisník letů'!$C$2:$C$1018,0)),"") -> B23 | H26: =IFERROR(INDEX('Zápisník letů'!$B$2:$B$1018,MATCH($F26,'Zápisník letů'!$C$2:$C$1018,0)),"") -> EASA | I26: =COUNTIF('Zápisník letů'!$C$2:$C$1018,$F26) -> 2 | J26: =SUMIFS('Zápisník letů'!$L$2:$L$1018,'Zápisník letů'!$C$2:$C$1018,$F26) -> 0.17222222 | K26: =SUMIFS('Zápisník letů'!$L$2:$L$1018,'Zápisník letů'!$C$2:$C$1018,$F26,'Zápisník letů'!$Q$2:$Q$1018,"PIC") -> 0 | L26: =SUMIFS('Zápisník letů'!$N$2:$N$1018,'Zápisník letů'!$C$2:$C$1018,$F26) -> 2 | M26: =SUMIFS('Zápisník letů'!$T$2:$T$1018,'Zápisník letů'!$C$2:$C$1018,$F26) -> 20666.67
F27: OK-DUI89 | G27: =IFERROR(INDEX('Zápisník letů'!$D$2:$D$1018,MATCH($F27,'Zápisník letů'!$C$2:$C$1018,0)),"") -> Bristell | H27: =IFERROR(INDEX('Zápisník letů'!$B$2:$B$1018,MATCH($F27,'Zápisník letů'!$C$2:$C$1018,0)),"") -> ULL | I27: =COUNTIF('Zápisník letů'!$C$2:$C$1018,$F27) -> 12 | J27: =SUMIFS('Zápisník letů'!$L$2:$L$1018,'Zápisník letů'!$C$2:$C$1018,$F27) -> 0.77083333 | K27: =SUMIFS('Zápisník letů'!$L$2:$L$1018,'Zápisník letů'!$C$2:$C$1018,$F27,'Zápisník letů'!$Q$2:$Q$1018,"PIC") -> 0.77083333 | L27: =SUMIFS('Zápisník letů'!$N$2:$N$1018,'Zápisník letů'!$C$2:$C$1018,$F27) -> 24 | M27: =SUMIFS('Zápisník letů'!$T$2:$T$1018,'Zápisník letů'!$C$2:$C$1018,$F27) -> 41625
F28: OK-DUI94 | G28: =IFERROR(INDEX('Zápisník letů'!$D$2:$D$1018,MATCH($F28,'Zápisník letů'!$C$2:$C$1018,0)),"") -> Bristell | H28: =IFERROR(INDEX('Zápisník letů'!$B$2:$B$1018,MATCH($F28,'Zápisník letů'!$C$2:$C$1018,0)),"") -> ULL | I28: =COUNTIF('Zápisník letů'!$C$2:$C$1018,$F28) -> 5 | J28: =SUMIFS('Zápisník letů'!$L$2:$L$1018,'Zápisník letů'!$C$2:$C$1018,$F28) -> 0.23125 | K28: =SUMIFS('Zápisník letů'!$L$2:$L$1018,'Zápisník letů'!$C$2:$C$1018,$F28,'Zápisník letů'!$Q$2:$Q$1018,"PIC") -> 0 | L28: =SUMIFS('Zápisník letů'!$N$2:$N$1018,'Zápisník letů'!$C$2:$C$1018,$F28) -> 5 | M28: =SUMIFS('Zápisník letů'!$T$2:$T$1018,'Zápisník letů'!$C$2:$C$1018,$F28) -> 22200
F29: OK-EUI10 | G29: =IFERROR(INDEX('Zápisník letů'!$D$2:$D$1018,MATCH($F29,'Zápisník letů'!$C$2:$C$1018,0)),"") -> Bristell | H29: =IFERROR(INDEX('Zápisník letů'!$B$2:$B$1018,MATCH($F29,'Zápisník letů'!$C$2:$C$1018,0)),"") -> ULL | I29: =COUNTIF('Zápisník letů'!$C$2:$C$1018,$F29) -> 11 | J29: =SUMIFS('Zápisník letů'!$L$2:$L$1018,'Zápisník letů'!$C$2:$C$1018,$F29) -> 0.64305556 | K29: =SUMIFS('Zápisník letů'!$L$2:$L$1018,'Zápisník letů'!$C$2:$C$1018,$F29,'Zápisník letů'!$Q$2:$Q$1018,"PIC") -> 0.62777778 | L29: =SUMIFS('Zápisník letů'!$N$2:$N$1018,'Zápisník letů'!$C$2:$C$1018,$F29) -> 25 | M29: =SUMIFS('Zápisník letů'!$T$2:$T$1018,'Zápisník letů'!$C$2:$C$1018,$F29) -> 34725
F30: OK-EUI21 | G30: =IFERROR(INDEX('Zápisník letů'!$D$2:$D$1018,MATCH($F30,'Zápisník letů'!$C$2:$C$1018,0)),"") -> Bristell | H30: =IFERROR(INDEX('Zápisník letů'!$B$2:$B$1018,MATCH($F30,'Zápisník letů'!$C$2:$C$1018,0)),"") -> ULL | I30: =COUNTIF('Zápisník letů'!$C$2:$C$1018,$F30) -> 3 | J30: =SUMIFS('Zápisník letů'!$L$2:$L$1018,'Zápisník letů'!$C$2:$C$1018,$F30) -> 0.13055556 | K30: =SUMIFS('Zápisník letů'!$L$2:$L$1018,'Zápisník letů'!$C$2:$C$1018,$F30,'Zápisník letů'!$Q$2:$Q$1018,"PIC") -> 0 | L30: =SUMIFS('Zápisník letů'!$N$2:$N$1018,'Zápisník letů'!$C$2:$C$1018,$F30) -> 3 | M30: =SUMIFS('Zápisník letů'!$T$2:$T$1018,'Zápisník letů'!$C$2:$C$1018,$F30) -> 12533.34
F31: OK-IAF | G31: =IFERROR(INDEX('Zápisník letů'!$D$2:$D$1018,MATCH($F31,'Zápisník letů'!$C$2:$C$1018,0)),"") -> P208 | H31: =IFERROR(INDEX('Zápisník letů'!$B$2:$B$1018,MATCH($F31,'Zápisník letů'!$C$2:$C$1018,0)),"") -> EASA | I31: =COUNTIF('Zápisník letů'!$C$2:$C$1018,$F31) -> 13 | J31: =SUMIFS('Zápisník letů'!$L$2:$L$1018,'Zápisník letů'!$C$2:$C$1018,$F31) -> 0.575 | K31: =SUMIFS('Zápisník letů'!$L$2:$L$1018,'Zápisník letů'!$C$2:$C$1018,$F31,'Zápisník letů'!$Q$2:$Q$1018,"PIC") -> 0.12847222 | L31: =SUMIFS('Zápisník letů'!$N$2:$N$1018,'Zápisník letů'!$C$2:$C$1018,$F31) -> 48 | M31: =SUMIFS('Zápisník letů'!$T$2:$T$1018,'Zápisník letů'!$C$2:$C$1018,$F31) -> 42228
F32: OK-UUR14 | G32: =IFERROR(INDEX('Zápisník letů'!$D$2:$D$1018,MATCH($F32,'Zápisník letů'!$C$2:$C$1018,0)),"") -> Bristell | H32: =IFERROR(INDEX('Zápisník letů'!$B$2:$B$1018,MATCH($F32,'Zápisník letů'!$C$2:$C$1018,0)),"") -> ULL | I32: =COUNTIF('Zápisník letů'!$C$2:$C$1018,$F32) -> 24 | J32: =SUMIFS('Zápisník letů'!$L$2:$L$1018,'Zápisník letů'!$C$2:$C$1018,$F32) -> 1.7236111 | K32: =SUMIFS('Zápisník letů'!$L$2:$L$1018,'Zápisník letů'!$C$2:$C$1018,$F32,'Zápisník letů'!$Q$2:$Q$1018,"PIC") -> 1.675 | L32: =SUMIFS('Zápisník letů'!$N$2:$N$1018,'Zápisník letů'!$C$2:$C$1018,$F32) -> 76 | M32: =SUMIFS('Zápisník letů'!$T$2:$T$1018,'Zápisník letů'!$C$2:$C$1018,$F32) -> 93075
F33: OK-WUS17 | G33: =IFERROR(INDEX('Zápisník letů'!$D$2:$D$1018,MATCH($F33,'Zápisník letů'!$C$2:$C$1018,0)),"") -> WT9 | H33: =IFERROR(INDEX('Zápisník letů'!$B$2:$B$1018,MATCH($F33,'Zápisník letů'!$C$2:$C$1018,0)),"") -> ULL | I33: =COUNTIF('Zápisník letů'!$C$2:$C$1018,$F33) -> 1 | J33: =SUMIFS('Zápisník letů'!$L$2:$L$1018,'Zápisník letů'!$C$2:$C$1018,$F33) -> 0.084722222 | K33: =SUMIFS('Zápisník letů'!$L$2:$L$1018,'Zápisník letů'!$C$2:$C$1018,$F33,'Zápisník letů'!$Q$2:$Q$1018,"PIC") -> 0 | L33: =SUMIFS('Zápisník letů'!$N$2:$N$1018,'Zápisník letů'!$C$2:$C$1018,$F33) -> 1 | M33: =SUMIFS('Zápisník letů'!$T$2:$T$1018,'Zápisník letů'!$C$2:$C$1018,$F33) -> 7116.67
F34: OK-XAI04 | G34: =IFERROR(INDEX('Zápisník letů'!$D$2:$D$1018,MATCH($F34,'Zápisník letů'!$C$2:$C$1018,0)),"") -> Bristell | H34: =IFERROR(INDEX('Zápisník letů'!$B$2:$B$1018,MATCH($F34,'Zápisník letů'!$C$2:$C$1018,0)),"") -> ULL | I34: =COUNTIF('Zápisník letů'!$C$2:$C$1018,$F34) -> 57 | J34: =SUMIFS('Zápisník letů'!$L$2:$L$1018,'Zápisník letů'!$C$2:$C$1018,$F34) -> 2.7826389 | K34: =SUMIFS('Zápisník letů'!$L$2:$L$1018,'Zápisník letů'!$C$2:$C$1018,$F34,'Zápisník letů'!$Q$2:$Q$1018,"PIC") -> 2.5381944 | L34: =SUMIFS('Zápisník letů'!$N$2:$N$1018,'Zápisník letů'!$C$2:$C$1018,$F34) -> 183 | M34: =SUMIFS('Zápisník letů'!$T$2:$T$1018,'Zápisník letů'!$C$2:$C$1018,$F34) -> 124217

Sheet Ceník
A1: Imatrikulace | B1: Typ | C1: Od data | D1: Cena Kč/h | E1: Suchá hodina Kč/h | F1: Zdroj
A2: 3344 | B2: Twin Astir | C2: 22.7.2024 | D2: 450 | E2: 0 | F2: Ceník screenshot
A3: 5194 | B3: DG100 | C3: 1.1.2024 | D3: 320 | E3: 0 | F3: Ceník screenshot
A4: 6606 | B4: Astir | C4: 1.1.2024 | D4: 290 | E4: 0 | F4: Ceník screenshot
A5: 7430 | B5: Astir | C5: 1.1.2024 | D5: 290 | E5: 0 | F5: Ceník screenshot
A6: 8115 | B6: L13SW | C6: 14.3.2026 | D6: 2080 | E6: 0 | F6: Ceník screenshot
A7: 8205 | B7: L23 | C7: 1.1.2024 | D7: 450 | E7: 0 | F7: Ceník screenshot
A8: 8441 | B8: L33 | C8: 1.1.2024 | D8: 260 | E8: 0 | F8: Ceník screenshot
A9: OK-BIC | B9: P208 | C9: 1.1.2024 | D9: 3060 | E9: 2280 | F9: Ceník screenshot
A10: OK-BID | B10: B23 | C10: 2025 | D10: 3060 | E10: 0 | F10: Doplněno podle exportu ceny letu
A11: OK-BIK | B11: P208 | C11: 2021 | D11: 2700 | E11: 0 | F11: Doplněno podle exportu ceny letu
A12: OK-BIL | B12: Bristell | C12: 1.1.2024 | D12: 3060 | E12: 2280 | F12: Ceník screenshot
A13: OK-BIN | B13: Bristell | C13: 1.9.2025 | D13: 3060 | E13: 2280 | F13: Ceník screenshot
... A24: OK-XAI04 | B24: Bristell | C24: 2020–2022 | D24: 1860 | E24: 0 | F24: Doplněno podle exportu ceny letu
A25: OK-WUS17 | B25: WT-9 | C25: 2026 | D25: 3500 | E25: 0
A26: OK-DUI94 | B26: Bristell | C26: 2026 | D26: 4000
A27: OK-DPH | B27: B23 | C27: 2026 | D27: 5000
A28: OK-DAS | B28: B23T | C28: 2026 | D28: 5600
A29: OK-EUI21 | B29: Bristell | C29: 2026 | D29: 4000

Sheet Zdroje
A1: Zdroje a metodika
A3: Databázové lety | B3: Exporty časomíry AK 2020–2026 + ručně doplněné záznamy v tomto souboru.
A4: Typ letadla | B4: Tecnam je v zápisníku veden jako ICAO typ P208.
A5: Celkový nálet | B5: Součet Block Time všech evidovaných letů bez ohledu na funkci.
A6: PIC nálet | B6: Součet Block Time pouze pro funkci PIC; na dashboardu je rozdělen na ULL a EASA.
A7: DUAL | B7: Výcvikový let s instruktorem. Student se samostatně nepoužívá.
A8: Náklady | B8: Cena letu = Block Time × Cena Kč/h. Náklady se počítají ze všech evidovaných letů.

Sheet Seznamy
A1: Evidence | B1: Třída | C1: Funkce
A2: ULL | B2: ULL | C2: PIC
A3: EASA | B3: SEP | C3: DUAL
B4: TMG | C4: INSTRUKTOR
B5: MEP | C5: SAFETY PILOT
B6: SET | C6: CO-PILOT
B7: OTHER | C7: PAX
B8: GLIDER | C8: OBSERVER
